Company Name,Website,Source,WhatsApp Link,Phone Number,WhatsApp Source,Contact Person,Contact Title,Contact Email,Founder Source,All Emails Found
provitreff,https://provitreff.ch,OSM,https://wa.me/0220928092452,0220928092452,site mentions WhatsApp,Cleiton Rasta,cto,cleiton.rasta@provitreff.ch,website,info@provitreff.ch; u003e@bambino.vom13ni; u003e@batakanda.junior; u003e@parazh.prgng; cleiton.rasta@provitreff.ch
Alden Suite Hotel Splügenschloss,http://www.alden.ch,OSM,https://wa.me/047730387,047730387,site mentions WhatsApp,,,advantageclub@leonardo-hotels.com,none,advantageclub@leonardo-hotels.com; welcome@alden.ch
Two Spice,https://www.twospice.ch,OSM,https://wa.me/0250428,0250428,site mentions WhatsApp,Daniel Kehl,inhaber,info@twospice.ch,website,info@twospice.ch; marketing@twospice.ch
Glärnischhof by Trinity,https://www.hotelglaernischhof.ch,OSM,https://wa.me/0260801,0260801,wa.me API check,Unsere Hotelzimmer,Team Member,info@hotelglaernischhof.ch,website,info@hotelglaernischhof.ch; trinity@hotelglaernischhof.ch
Thatsuits,https://thatsuits.ch,OSM,https://wa.me/0231027,0231027,site mentions WhatsApp,Datenschutz Impressum,Partner,datenschutz.impressum@thatsuits.ch,website,info@thatsuits.com; datenschutz.impressum@thatsuits.ch
Café & Conditorei 1842,https://www.cafe1842.ch,OSM,https://wa.me/06791692885,06791692885,wa.me API check,Der Jahresbericht,Team Member,1842@arbeitskette.ch,website,1842@arbeitskette.ch; alpenrose@arbeitskette.ch; krone@arbeitskette.ch; limmathof@arbeitskette.ch; lox@arbeitskette.ch; mediacampus@arbeitskette.ch; stark@arbeitskette.ch; stuermeierhuus@arbeitskette.ch
Ristorante Italia,https://www.ristorante-italia.ch,OSM,https://wa.me/02306230701,02306230701,wa.me API check,,,info@buonvicini.ch,none,info@buonvicini.ch; info@ristorante-italia.ch
Wicki AG Sicherheits- und Schliesstechnik,https://wickiag.ch,OSM,https://wa.me/01911081415,01911081415,wa.me API check,Bereich Sicherheits,Partner,bereich@wickiag.ch,website,zuerich@wickiag.ch; bereich@wickiag.ch
Vittorio Vanini - Swiss Chocolate since 1871,https://www.vanini1871.ch,OSM,https://wa.me/0674304117191,0674304117191,wa.me API check,,,info@vanini1871.ch,none,info@vanini1871.ch
Bäckerei Conditorei Stocker,https://gipfeli.ch/standorte/standortweinbergstrasse93,OSM,https://wa.me/0180605,0180605,site mentions WhatsApp,,,info@gipfeli.ch,none,info@gipfeli.ch
Johanniter,https://www.johanniter.com,OSM,https://wa.me/0250303,0250303,wa.me API check,,,info@johanniter.com,none,info@johanniter.com
Amavita,https://www.amavita.ch/de/amavita-apotheke-schwamendingen,OSM,https://wa.me/01520153,01520153,wa.me API check,,,apotheke.schwamendingen@amavita.ch,none,apotheke.schwamendingen@amavita.ch; u002f@amavita.ch
Kieser Training,https://www.kieser-training.ch/studios/zuerich-steinwies,OSM,https://wa.me/0214815,0214815,wa.me API check,Gratis Probetraining,Geschäftsleitung,info@kieser.com,website,info@kieser.com; zuerich6@kieser.com
Kafi Plus,https://zentrumelch.ch,OSM,https://wa.me/0316364733837,0316364733837,wa.me API check,Accu Weitere,leitung,accu.weitere@zentrumelch.ch,website,accu@zentrumelch.ch; altstetten@zentrumelch.ch; cece.areal@zentrumelch.ch; frieden@zentrumelch.ch; krokodil@zentrumelch.ch; regensbergstrasse@zentrumelch.ch; accu.weitere@zentrumelch.ch
Stauffacher USM Markt,https://usm-markt.ch,OSM,https://wa.me/0779273,0779273,wa.me API check,Kategorien Home,Partner,kategorien.home@usm-markt.ch,website,info@usm-markt.ch; kategorien.home@usm-markt.ch
Berufsfachschule für Lernende mit Hör- und Kommunikationsbehinderung (BSFH),https://www.bsfh.ch/home-willkommen,OSM,https://wa.me/0242025,0242025,wa.me API check,Der Herausgeber,Partner,info@bsfh.ch,website,info@bsfh.ch
Balboa im Viadukt,https://balboamove.ch,OSM,https://wa.me/0260808,0260808,wa.me API check,Balboa Runs,Team Member,balboa.runs@balboamove.ch,website,info@balboamove.ch; _@astro.cdx-mddu.css; balboa.runs@balboamove.ch
Blutspende SRK Zürich,https://blutspendezurich.ch,OSM,https://wa.me/0316349074055,0316349074055,wa.me API check,Forschung Kongressbeiträge,Partner,info@zhbsd.ch,website,info@zhbsd.ch; alpinejs@3.x.x; spenderbuero@zhbsd.ch
Poggenpohl Küchenstudio,https://www.zuerich.poggenpohl.com,OSM,https://wa.me/0101010,0101010,wa.me API check,,,info@poggenpohl.com,none,info@poggenpohl.com
The Bite,https://www.thebite.ch,OSM,https://wa.me/0327544,0327544,wa.me API check,,,recruiting@vonmatt-hospitality.com,none,info@thebite.ch; recruiting@vonmatt-hospitality.com
EquiTable,https://www.equi-table.ch,OSM,https://wa.me/03020303,03020303,wa.me API check,Facebook Instagram,PARTNER,restaurant@equi-table.ch,website,restaurant@equi-table.ch
Liip AG,https://www.liip.ch,OSM,https://wa.me/05129910446,05129910446,wa.me API check,Digital Av,partner,contact@liip.ch,website,contact@liip.ch
Amavita,https://www.amavita.ch/de/amavita-apotheke-wengihof,OSM,https://wa.me/01520153,01520153,wa.me API check,,,apotheke.wengihof@amavita.ch,none,apotheke.wengihof@amavita.ch; u002f@amavita.ch
Bäckerei Conditorei Stocker,https://gipfeli.ch/standorte/standortkreuzplatz,OSM,https://wa.me/0231114,0231114,site mentions WhatsApp,,,info@gipfeli.ch,none,info@gipfeli.ch
Vita Volta,https://www.vitavolta.ch,OSM,https://wa.me/0492971632996114824,0492971632996114824,site mentions WhatsApp,,,info@vitavolta.ch,none,info@vitavolta.ch
Zingg-Lamprecht,https://zingg-lamprecht.ch,OSM,https://wa.me/033634172847,033634172847,wa.me API check,Das Ergebnis,Partner,das@zingg-lamprecht.ch,website,info@zingg-lamprecht.ch; kundendienst@zingg-lamprecht.ch; das@zingg-lamprecht.ch
Suchtfachstelle Zürich,https://www.suchtfachstelle.zuerich,OSM,https://wa.me/0212026,0212026,wa.me API check,Nahestehende Individuelle,Partner,info@suchtfachstelle.zuerich,website,info@suchtfachstelle.zuerich
Riithalle,https://www.riithalle.ch,OSM,https://wa.me/0757686,0757686,wa.me API check,,,reservation@riithalle.ch,none,reservation@riithalle.ch
Telco Fritzmann AG,https://www.telco-fritzmann.ch,OSM,https://wa.me/0260515,0260515,wa.me API check,Ihr Loewe,Partner,info@telco-fritzmann.ch,website,info@telco-fritzmann.ch; mustermann@beispiel.de
mamiexpress.ch,https://mamiexpress.ch,OSM,https://wa.me/0260126,0260126,site mentions WhatsApp,Autofahren Fenster,Senior,autofahren.fenster@mamiexpress.ch,website,info@mamiexpress.ch; autofahren.fenster@mamiexpress.ch
Küche & Haushalt AG,https://kuecheundhaushalt.ch,OSM,https://wa.me/01148263,01148263,site mentions WhatsApp,,,info@kuecheundhaushalt.ch,none,info@kuecheundhaushalt.ch
Now,https://onenow.fit,OSM,https://wa.me/01520153,01520153,site mentions WhatsApp,,,team@onenow.fit,none,team@onenow.fit
Kieser Training,https://www.kieser-training.ch/studios/schlieren,OSM,https://wa.me/0214815,0214815,wa.me API check,Gratis Probetraining,Geschäftsleitung,info@kieser.com,website,info@kieser.com; zuerich7@kieser.com
Jenseits Wohnzimmer,https://www.jenseitsimviadukt.ch,OSM,https://wa.me/01302773,01302773,wa.me API check,,,info@jenseitsimviadukt.ch,none,info@jenseitsimviadukt.ch
Winit's,https://www.winits.ch,OSM,https://wa.me/06026527,06026527,wa.me API check,,,info@winits.ch,none,info@winits.ch
Jenseits Ruhepol,https://www.jenseitsimviadukt.ch,OSM,https://wa.me/01302773,01302773,wa.me API check,,,info@jenseitsimviadukt.ch,none,info@jenseitsimviadukt.ch
City Hotel,https://www.hotelcity.ch,OSM,https://wa.me/01998351146471,01998351146471,wa.me API check,Bar Löw,Partner,hotelcity@hotelcity.ch,website,hotelcity@hotelcity.ch
Vitaträff,https://www.vitasana.ch,OSM,https://wa.me/0190627,0190627,site mentions WhatsApp,Zmorge Fr,Senior,info@vitasana.ch,website,info@vitasana.ch
Avaloq Evolution AG,https://avaloq.com/de,OSM,https://wa.me/09946949,09946949,wa.me API check,Capabilities Dig,Partner,capabilities.dig@avaloq.com,website,info@avaloq.com; capabilities.dig@avaloq.com
TopPharm Apotheke Witikon,https://www.apotheke.ch/witikon,OSM,https://wa.me/02607211,02607211,wa.me API check,Herzlich Willkommen,Team Member,info@witikon.apotheke.ch,website,info@witikon.apotheke.ch; toppharm.witikon@ovan.ch
einzigart,https://einzigart.ch,OSM,https://wa.me/01232011719586210,01232011719586210,wa.me API check,,,wholesale@einzigart.ch,none,wholesale@einzigart.ch
Bel Intérieur,https://www.bel-interieur.ch,OSM,https://wa.me/03370250,03370250,wa.me API check,Ausgabe Sommer,Geschäftsführer,info@bel-interieur.ch,website,info@bel-interieur.ch; work@violet.dui
BachserMärt Kalkbreite,https://www.bachsermaert.ch,OSM,https://wa.me/0191204,0191204,site mentions WhatsApp,Märt Lehre,Partner,laden@bachsermaert.ch,website,laden@bachsermaert.ch
Ad. Kuhn AG,https://www.ad-kuhn-ag.ch,OSM,https://wa.me/0260430,0260430,site mentions WhatsApp,,,basel@kuhn-zelte.ch,none,info@kuhn-zelte.ch; basel@kuhn-zelte.ch; luzern@kuhn-zelte.ch; olten@kuhn-zelte.ch; st.gallen@kuhn-zelte.ch
Simply Soup Kalkbreite,https://www.simplysoup.ch,OSM,https://wa.me/0349315,0349315,site mentions WhatsApp,Carlos Zuniga,co-founder,hello@simplysoup.ch,website,hello@simplysoup.ch; order@socatering.ch
Tritt Käse,https://tritt.ch,OSM,https://wa.me/0260613,0260613,site mentions WhatsApp,,,keller@tritt.ch,none,keller@tritt.ch; viadukt@tritt.ch; witikon@tritt.ch
Zürich Mittelleimbach Zentrum,https://www.mobility.ch,OSM,https://wa.me/0956521739,0956521739,wa.me API check,,,office@mobility.ch,none,office@mobility.ch
Zürich Witikon / Stodolastrasse,https://www.mobility.ch,OSM,https://wa.me/0956521739,0956521739,wa.me API check,,,office@mobility.ch,none,office@mobility.ch
Zürich Universität Irchel,https://www.mobility.ch,OSM,https://wa.me/0956521739,0956521739,wa.me API check,,,office@mobility.ch,none,office@mobility.ch
Freitag,https://freitag.ch/de_CH/stores/europe/freitag-store-zuerich-niederdorf,OSM,https://wa.me/0542515,0542515,wa.me API check,,,lara.huber@freitag.ch,none,lara.huber@freitag.ch; niederdorf@freitag.ch; rafael.schnider@freitag.ch; rita.lutz@freitag.ch; samira.hofmann@freitag.ch; sarah.mauerhofer@freitag.ch; tamana.akhanh@freitag.ch; tina.shayesteh@freitag.ch; u003eniederdorf@freitag.ch; vanessa.hofmann@freitag.ch
Zürich Sihlcity,https://www.mobility.ch,OSM,https://wa.me/0956521739,0956521739,wa.me API check,,,office@mobility.ch,none,office@mobility.ch
Zürich Wipkingen / Breitensteinstrasse,https://www.mobility.ch,OSM,https://wa.me/0956521739,0956521739,wa.me API check,,,office@mobility.ch,none,office@mobility.ch
Be:,https://www.be.life,OSM,https://wa.me/0260729,0260729,site mentions WhatsApp,,,info@be.life,none,info@be.life
Ritas Beauty Salon,https://www.ritas-beauty.ch,OSM,https://wa.me/01020103,01020103,site mentions WhatsApp,,,info@ritas-beauty.ch,none,info@ritas-beauty.ch
Digicomp Academy AG,https://www.digicomp.ch,OSM,https://wa.me/06298246,06298246,wa.me API check,,,ninfo@digicomp.ch,none,info@digicomp.ch; ninfo@digicomp.ch; nromandie@digicomp.ch; romandie@digicomp.ch; u003einfo@digicomp.ch; u003eromandie@digicomp.ch
"Praxis Mittelpunkt, Gesundheitspraxis",https://www.praxismittelpunkt.ch,OSM,https://wa.me/0226670,0226670,site mentions WhatsApp,,,f.sondheimer@praxismittelpunkt.ch,none,info@praxismittelpunkt.ch; f.sondheimer@praxismittelpunkt.ch; r.sondheimer@praxismittelpunkt.ch; r.sondheimer@praxismittwlpunkt.ch
Lichthaus,https://lichthaus.ch,OSM,https://wa.me/0231106,0231106,site mentions WhatsApp,Design Tobias,cto,design.tobias@lichthaus.ch,website,info@lichthaus.ch; design.tobias@lichthaus.ch
Bäckerei Konditorei Hürlimann,https://baeckerei-huerlimann.ch,OSM,https://wa.me/04140667,04140667,wa.me API check,,,info@baeckerei-huerlimann.ch,none,info@baeckerei-huerlimann.ch
Kita Fugu,https://www.kitafugu.ch,OSM,https://wa.me/0260422,0260422,site mentions WhatsApp,Eltern Eine,Partner,kundendienst@kitafugu.ch,website,kundendienst@kitafugu.ch
MAN'S WORLD Schweiz AG,https://www.mansworld.com,OSM,https://wa.me/0732552,0732552,site mentions WhatsApp,Anreise Mehr,PARTNER,contact@m-collection.vip,website,contact@m-collection.vip; contact@risch-shoes.com; contact@velorbis.ch; info@berkel-antik.ch; info@easydone-cigars.ch; info@excellent-food.ch; info@golfsession.ch; info@max-twelve.com; info@mr-tischtennis.at; info@plauschevents.ch; info@preli.ch; info@sherazade-parfum.ch; info@sutras.ch; info@swissmensaward.ch; info@swissmountainspring.ch; info@wini.ch; mail@kontor.swiss; office@persovino.ch; alice.casellini@salt.ch; andreas.weber@obi.ch; andrew.brezny@smartec.com; arena@eclea.ch; ariane.piccinno@richnerstutz.ch; arthur@schiffbrau.ch; barista@corado.ch; bruno.beutler@moombasupra.ch; chiara.dindo@widstud.ch; constantin.knauf@cordewener.ch; d.rohr@dess-akustik.de; daniel@danielkrespach.ch; daniel@manifest.ch; daniel@mootes.ch; daniela.weilenmann@uroviva.ch; dg@gaisbock.ch; diedel@bluewin.ch; elena.blazek@pernod-ricard.com; eleonora.balog@marmite.ch; eric@mr-chili.com; felix.doose@jti.com; friesch@motorworld.ch; hallo@art-abc-colours.ch; ingrid@lothardanielbechtold.com; ivo.rubin@spielautomaten.ch; j.willems@wellauer-tabak.ch; julia.winiger@curaden.ch; julian.marti@arwole.ch; khadim.tabet@polaris.com; larissa@livasolution.com; livio.fuerer@gmx.ch; luca.frey@zeekr.ch; luis.branquinho@haecky.ch; m.moosmann@zuendag.ch; m.taverna@hemagnova.ch; manuela.setschi@intercycle.com; mariaelisa.marenco@percassi.com; marko@budo.ch; melanie.mueller@swissmarketplace.group; nahuel@brainfart.ch; nicola.fischer@thoemus.ch; nikolaos.evangelopoulos@gmx.ch; paul.lee@carnault.ch; rmedina@plaenciarobacco.com; roman.frank@persoenlich.com; roman@bluuwash.com; sabine.reber@itsamesco.com; sandra.vazquez@ringier.ch; sl@qu-solutions.ch; sophia.hermann@rausch.ch; stanley.aebi@bluewin.ch; stefan@stefanangehrn.ch; terence.theiler@movemi.ch; tim.wade@glenfahrn.com; tobias-kron@bluewin.ch; vermarktung@autosprint.ch; viviana@casarefill.ch; wettingen@ironbodyfit.ch; yves.vollenweider@motozuerich.ch; yvonne.ott@vorwerk-schweiz.ch
Geopraevent AG,https://www.geopraevent.ch,OSM,https://wa.me/0260116,0260116,site mentions WhatsApp,Bergsturz Preonzo,Team Member,info@geopraevent.ch,website,info@geopraevent.ch
Tanzschule RITM,https://www.ritm.ch,OSM,https://wa.me/04900491,04900491,site mentions WhatsApp,,,info@ritm.ch,none,info@ritm.ch
Zeit Meister,https://zeit-meister.ch,OSM,https://wa.me/0260420,0260420,site mentions WhatsApp,Melden Sie,Team Member,melden.sie@zeit-meister.ch,website,info@zeitmeister.ch; flagkit@2.2; melden.sie@zeit-meister.ch
VirtaMed,https://www.virtamed.com,OSM,https://wa.me/0240711,0240711,wa.me API check,Swiss College,President,info@virtamed.com,website,info@virtamed.com
Bäckerei Conditorei Stocker,https://gipfeli.ch/standorte/standorthb,OSM,https://wa.me/0220705,0220705,site mentions WhatsApp,,,info@gipfeli.ch,none,info@gipfeli.ch
Bäckerei Conditorei Stocker,https://gipfeli.ch/standorte/standortstadelhofen,OSM,https://wa.me/0230526,0230526,site mentions WhatsApp,,,info@gipfeli.ch,none,info@gipfeli.ch
David Gym ZH-West,https://davidgymzhwest.ch,OSM,https://wa.me/0433111230,0433111230,site mentions WhatsApp,Das Perfekte,cto,das.perfekte@davidgymzhwest.ch,website,info@davidgym.ch; das.perfekte@davidgymzhwest.ch
Waldvogel Interieur,https://www.waldvogel-interieur.ch,OSM,https://wa.me/0443618443,0443618443,site mentions WhatsApp,Fragen Individuell,partner,info@waldvogel-interieur.ch,website,info@waldvogel-interieur.ch
Bliss modern antiques,https://bliss-shop.ch,OSM,https://wa.me/044244476,044244476,site mentions WhatsApp,,,info@bliss-shop.ch,none,info@bliss-shop.ch
Swiss Star University,https://swiss-star.com/properties/apartmenthouse-zurich-oberstrass,OSM,https://wa.me/0312911,0312911,site mentions WhatsApp,,,info@kindofahotel.com,none,info@kindofahotel.com
Ergon Informatik AG,https://www.ergon.ch,OSM,https://wa.me/026071605,026071605,site mentions WhatsApp,Philomena Colatrella,CEO,info@ergon.ch,website,info@ergon.ch
Baugenossenschaft Brunnenhof Zürich,https://www.bgbrunnenhof.ch,OSM,https://wa.me/0260731,0260731,site mentions WhatsApp,Freies Tanzen,Team Member,vermietung@bgbrunnenhof.ch,website,vermietung@bgbrunnenhof.ch
Heinrich 109 Wein und Spezialitäten,https://www.heinrich109.ch,OSM,https://wa.me/0433009185,0433009185,site mentions WhatsApp,,,info@heinrich109.ch,none,info@heinrich109.ch
Tritt Käse,https://www.tritt.ch,OSM,https://wa.me/0260613,0260613,site mentions WhatsApp,,,keller@tritt.ch,none,keller@tritt.ch; viadukt@tritt.ch; witikon@tritt.ch
Sach,https://www.sach-arch.com,OSM,https://wa.me/04900491,04900491,site mentions WhatsApp,,,office@sach-arch.com,none,office@sach-arch.com
Almacasa Friesenberg,https://almacasa.ch/zuerich-friesenberg,OSM,https://wa.me/0260428,0260428,site mentions WhatsApp,Brilant Buzhala,Standortleiter,brilant@almacasa.ch,website,info@almacasa.ch; almacasa.friesenberg@hin.ch; almacasa.oberengstringen@hin.ch; almacasa.pfungen@hin.ch; almacasa.regensdorf@hin.ch; almacasa.weisslingen@hin.ch; b.buzhala@almacasa.ch; d.leutwiler@almacasa.ch; friesenberg@almacasa.ch; gruenmatt@almacasa.ch; oberengstringen@almacasa.ch; pfungen@almacasa.ch; r.raimann@almacasa.ch; regensdorf@almacasa.ch; weisslingen@almacasa.ch; brilant@almacasa.ch
Netstream AG,https://www.netstream.ch,OSM,https://wa.me/0260218,0260218,site mentions WhatsApp,Balz Informatik,Geschäftsführer,hello@netstream.ch,website,hello@netstream.ch
Lionsoul Zürich,https://www.lionsoul.ch,OSM,https://wa.me/0260501,0260501,site mentions WhatsApp,Functional-Area Grosses,PARTNER,info@lionsoul.ch,website,info@lionsoul.ch
Vanity,https://www.vanity.ch,OSM,https://wa.me/0755208,0755208,site mentions WhatsApp,,,vanity@vanity.ch,none,vanity@vanity.ch
Gitarren Total,https://www.gitarrentotal.ch,OSM,https://wa.me/0260728,0260728,site mentions WhatsApp,Blue Colander,cto,info@gitarrentotal.ch,website,info@gitarrentotal.ch
MarketVision AG,https://marketvision.ch,OSM,https://wa.me/0250905,0250905,site mentions WhatsApp,,,info@marketvision.ch,none,info@marketvision.ch
Pfister,http://www.pfister.ch/de/filialen/zuerich-walcheplatz,OSM,https://wa.me/04313663224512625121,04313663224512625121,wa.me API check,,,affoltern@pfister.ch,none,affoltern@pfister.ch; alchenflueh@pfister.ch; avry@pfister.ch; basel-city@pfister.ch; bern@pfister.ch; contone@pfister.ch; duebendorf@pfister.ch; emmen@pfister.ch; etoy@pfister.ch; geneve@pfister.ch; marin@pfister.ch; mels-sargans@pfister.ch; pratteln@pfister.ch; spreitenbach@pfister.ch; st.gallen@pfister.ch; suhr@pfister.ch; villeneuve@pfister.ch; zh-city@pfister.ch
Fusion Arena Reality Center,https://zuerich.fusionarena.ch,OSM,https://wa.me/0260627,0260627,site mentions WhatsApp,,,basel@fusionarena.ch,none,basel@fusionarena.ch; zuerich@fusionarena.ch
Microsoft Zürich Development Center,https://news.microsoft.com/de-ch/niederlassungen-microsoft-schweiz,OSM,https://wa.me/0250117,0250117,site mentions WhatsApp,Sie Berichte,Partner,sie.berichte@news.microsoft.com,website,kate@cincodesign.com; sie.berichte@news.microsoft.com
Asia Health Zürich Wellness Of Heritage,https://www.asiahealth.ch,OSM,https://wa.me/04736099,04736099,site mentions WhatsApp,,,info@asiahealth.ch,none,info@asiahealth.ch
David Gym 48,https://davidgym.ch/kontakt-david-gym-zuerich,OSM,https://wa.me/0934327,0934327,site mentions WhatsApp,Das Perfekte,cto,das.perfekte@davidgym.ch,website,info47@davidgym.ch; info48@davidgym.ch; info@davidgym.ch; info@davidgymzhwest.ch; das.perfekte@davidgym.ch
Zürcher RehaZentrum - Klinik Lengg,https://zhreha.ch/klinik/klinik-lengg,OSM,https://wa.me/0870880,0870880,site mentions WhatsApp,,,info.wald@kliniken-valens.ch,none,info.wald@kliniken-valens.ch
Inspacion AG,https://www.inspacion.com,OSM,https://wa.me/03515625,03515625,site mentions WhatsApp,Virtual Reality,owner,info@inspacion.com,website,info@inspacion.com
Vapor Spirit,https://www.vaporspirit.ch,OSM,https://wa.me/02174924,02174924,site mentions WhatsApp,,,info@vaporspirit.ch,none,info@vaporspirit.ch
SKEMA Kampfkunst Zürich Altstetten,https://skema.ch/selbstverteidigung-kung-fu-tai-chi-qi-gong-zuerich-altstetten,OSM,https://wa.me/0260703,0260703,site mentions WhatsApp,,,zuerich@skema.ch,none,zuerich@skema.ch
3Dexperts.ch,https://www.3dexperts.ch,OSM,https://wa.me/0230402,0230402,site mentions WhatsApp,Rapid Prototyping,Partner,info@3dexperts.ch,website,info@3dexperts.ch
Trewitax Zürich AG,https://www.trewitax.ch,OSM,https://wa.me/0112021,0112021,site mentions WhatsApp,Julia Woltemate,Geschäftsführer,info@rop-partner.com,website,info@rop-partner.com; office@mdbootstrap.com; a.fischer@trewitax-zh.ch; a.holzbecher@trewitax-zh.ch; az@trewitax-sg.ch; b.faoro@trewitax-zh.ch; campana@trewitax.ch; daniel.broger@trewitax-sg.ch; debrunner@trewitax.ch; dobler@trewitax.ch; dudler@trewitax.ch; esther.dibenedetto@trewitax-sg.ch; fischli@trewitax.ch; franz.broger@trewitax-sg.ch; fuechter@trewitax.ch; hermann.rothauer@trewitax-sg.ch; i.kojic@trewitax-zh.ch; k.shkodra@trewitax-zh.ch; kanzlei@spt.at; kettwig@trewitax.ch; kreuzlingen@trewitax.ch; lorena.bekaj@trewitax-sg.ch; monti@trewitax.ch; nigg@trewitax.ch; p.schwank@trewitax-zh.ch; prisca.faessler@trewitax-sg.ch; r.deutsch@trewitax-zh.ch; s.didomenico@trewitax-zh.ch; s.soltermann@trewitax-zh.ch; schlauer@trewitax.ch; schuetz@trewitax.ch; schwarzenbach@trewitax.ch; stgallen@trewitax-sg.ch; t.fischer@trewitax-zh.ch; v.bajrami@trewitax-zh.ch; zuercher@trewitax.ch; zuerich@trewitax-zh.ch
Egolf Verpackungs AG,https://egolfverpackungsag.ch,OSM,https://wa.me/01746789693,01746789693,site mentions WhatsApp,Als Ver,Partner,als.ver@egolfverpackungsag.ch,website,info@egolf.ch; verkauf@egolf.ch; als.ver@egolfverpackungsag.ch
kita fugu,https://www.kitafugu.ch/fugu-kinderkrippe-wallisellen,OSM,https://wa.me/0260721,0260721,site mentions WhatsApp,,,glattbrugg@kitafugu.ch,none,glattbrugg@kitafugu.ch; kundendienst@kitafugu.ch; wallisellen@kitafugu.ch
Denner,https://www.denner.ch,OSM,https://wa.me/0869565217,0869565217,site mentions WhatsApp,,,info@denner.ch,none,info@denner.ch
Swiss Beauty Academy,https://swiss-beauty-academy.ch,OSM,https://wa.me/09655388,09655388,site mentions WhatsApp,Deutsch Franz,cto,deutsch.franz@swiss-beauty-academy.ch,website,info@secompany.ch; 20info@secompany.ch; deutsch.franz@swiss-beauty-academy.ch
Ethik-Zentrum,https://www.ethik.uzh.ch,OSM,https://wa.me/020230614,020230614,site mentions WhatsApp,Agenda Agenda,Leitung,afe@philos.uzh.ch,website,afe@philos.uzh.ch; asae@ethik.uzh.ch; biomed@ethik.uzh.ch; lisa.brun@philos.uzh.ch; sekretariat@sozethik.uzh.ch
Vegitat,https://vegitat.ch,OSM,https://wa.me/05513665,05513665,site mentions WhatsApp,,,info@vegitat.ch,none,info@vegitat.ch
Mohn Bürokultur,https://mohn.ch,OSM,https://wa.me/010001000,010001000,site mentions WhatsApp,,,mail@mohn.ch,none,mail@mohn.ch
wetone,https://www.wetone.fit,OSM,https://wa.me/01020103,01020103,site mentions WhatsApp,,,team@wetone.fit,none,team@wetone.fit
Sanibel Innenarchitektur,https://www.sanibel-innenarchitektur.ch,OSM,https://wa.me/0610616,0610616,site mentions WhatsApp,Als Ihr,partner,info@sanibel-innenarchitektur.ch,website,info@sanibel-innenarchitektur.ch
Jupiterhaus im Frankental,https://jupiterhaus.ch,OSM,https://wa.me/08002188,08002188,site mentions WhatsApp,Shinson Hapkido,Gründer,shinson@jupiterhaus.ch,website,elana@sensual-healing.ch; harald@magicbookmark.ch; kontakt@jupiterhaus.ch; kontakt@na-le.net; valbona.rukic@yahoo.de; shinson@jupiterhaus.ch
Villa Sonnenberg,https://villaamberg.ch,OSM,https://wa.me/0240618,0240618,site mentions WhatsApp,Aila Haavisto,Geschäftsleitung,aila@villaamberg.ch,website,kontakt@villaamberg.ch; aila@villaamberg.ch
tribus verkehrsplanung ag,https://www.tribus.ch,OSM,https://wa.me/0260402,0260402,site mentions WhatsApp,Das Kerngeschäft,leitung,info@tribus.ch,website,info@tribus.ch
Konstantin Architektur GmbH,https://www.konstantin-architektur.com,OSM,https://wa.me/0260505,0260505,site mentions WhatsApp,Architektur Im,Partner,info@konstantin-architektur.com,website,info@konstantin-architektur.com
Trivarga AG,https://www.trivarga.com,OSM,https://wa.me/0240409,0240409,site mentions WhatsApp,Beverage Creation,Partner,marketing@trivarga.com,website,marketing@trivarga.com
Nolte Küchen,https://noltekuechen-showroom.com/zuerich,OSM,https://wa.me/0240926,0240926,site mentions WhatsApp,,,j.buividavicus@nolte-zuerich.com,none,info@nolte-chur.com; info@nolte-zuerich.com; office@nolte-zuerich.com; j.buividavicus@nolte-zuerich.com
zurichtech AG,https://www.zurichtech.ch,OSM,https://wa.me/0445522407,0445522407,site mentions WhatsApp,,,hello@zurichtech.ch,none,hello@zurichtech.ch
clever fit,https://www.clever-fit.com/de-CH/fitnessstudio/opfikon-glattpark-cf,OSM,https://wa.me/08409999999,08409999999,site mentions WhatsApp,Kurse Jobs,Partner,opfikon-glattpark@clever-fit.ch,website,opfikon-glattpark@clever-fit.ch; service@clever-fit.ch
House of Satoshi,https://www.house-of-satoshi.ch,OSM,https://wa.me/01520153,01520153,site mentions WhatsApp,Thomas Linder,Partner,hello@house-of-satoshi.ch,website,hello@house-of-satoshi.ch; beispiel@mail.de
AFC Air Flow Consulting AG,https://www.afc.ch,OSM,https://wa.me/0251203,0251203,site mentions WhatsApp,Daniel Gubler,CEO,info@afc.ch,website,info@afc.ch
Murmeli Huus Greencity,https://murmeli-huus.ch/kinderkrippe-leimbach,OSM,https://wa.me/0447201717,0447201717,site mentions WhatsApp,,,kontakt@murmeli-huus.ch,none,kontakt@murmeli-huus.ch
Swiss Security Solutions,https://www.swiss-security-solutions.com,OSM,https://wa.me/054936319,054936319,site mentions WhatsApp,Retail Security,CEO,info@swiss-security-solutions.com,website,info@swiss-security-solutions.com
Schule und Kita am Käferberg,https://amkaeferberg.ch,OSM,https://wa.me/0250625,0250625,site mentions WhatsApp,,,sekretariat@kita-kaeferberg.ch,none,sekretariat@kita-kaeferberg.ch
Institut für Finanzplanung,https://www.iffp.ch,OSM,https://wa.me/046975782055,046975782055,site mentions WhatsApp,Team Dozierende,partner,info@iffp.ch,website,info@iffp.ch; 00info@iffp.ch
CrossFit Kreis 9,https://crossfitkreis9.ch,OSM,https://wa.me/0260616,0260616,site mentions WhatsApp,Saara Owner,CEO,saara.owner@crossfitkreis9.ch,website,office@crossfitkreis9.ch; saara.owner@crossfitkreis9.ch
LSC Brandschutz GmbH,https://lscb.ch,OSM,https://wa.me/06488455,06488455,site mentions WhatsApp,Ihr Ansprech,partner,ihr@lscb.ch,website,safe@lscb.ch; ihr@lscb.ch
GYMONE,https://www.gymone.ch,OSM,https://wa.me/0260713,0260713,site mentions WhatsApp,Auf Instagram,Partner,info@gymone.ch,website,info@gymone.ch
Across the Limits,https://www.acrossthelimits.ch,OSM,https://wa.me/0260520,0260520,site mentions WhatsApp,Persönlich Wir,inhaber,info@acrossthelimits.ch,website,info@acrossthelimits.ch; bin.dabei@gmx.ch
Physiotherapie Kreuzplatz,https://www.therapiekreuzplatz.ch,OSM,https://wa.me/01020103,01020103,site mentions WhatsApp,Die Funktionaloptometrie,Partner,info@therapiekreuzplatz.ch,website,info@therapiekreuzplatz.ch
Physio ZürichCity,https://physiozuerichcity.ch,OSM,https://wa.me/017090717,017090717,wa.me API check,,,care@physiozuerichcity.ch,none,mail@physiozuerichcity.ch; care@physiozuerichcity.ch
Peter Nitz,https://www.atelierpeternitz.com,OSM,https://wa.me/07382430,07382430,site mentions WhatsApp,Online Leathercraft,Team Member,info@peternitz.com,website,info@peternitz.com
FitnessShop Zürich,https://fitforless.ch,OSM,https://wa.me/043248248248,043248248248,site mentions WhatsApp,Interessante Kategorien,Team Member,interessante.kategorien@fitforless.ch,website,info@fitforless.ch; interessante.kategorien@fitforless.ch
kita fugu,https://www.kitafugu.ch/fugu-kinderkrippe-zuerich-eggbuehl,OSM,https://wa.me/0260608,0260608,site mentions WhatsApp,Betreuungsumfangs Unten,leitung,eggbuehl.zuerich@kitafugu.ch,website,eggbuehl.zuerich@kitafugu.ch; elternbeitraege.sbu@zuerich.ch; elternbeitraege@zuerich.ch; kundendienst@kitafugu.ch
Off-White,https://www.off---white.com/en-ch,OSM,https://wa.me/0591595,0591595,site mentions WhatsApp,,,support@off---white.zendesk.com,none,support@off---white.zendesk.com
Skinfit,https://www.skinfit.eu/at_de/filialen,OSM,https://wa.me/05070008071,05070008071,site mentions WhatsApp,,,max@mustermann.at,none,max@mustermann.at
Jedlitschka Gallery,https://jedlitschka-gallery.ch,OSM,https://wa.me/0104792,0104792,site mentions WhatsApp,Days Start,cto,days.start@jedlitschka-gallery.ch,website,info@jedlitschka-gallery.ch; days.start@jedlitschka-gallery.ch
Pintex,https://pintexag.ch,OSM,https://wa.me/0250221,0250221,site mentions WhatsApp,,,info@pintexag.ch,none,info@pintexag.ch
Gitana Winery,https://www.gitanawinery1953.com,OSM,https://wa.me/0471396784,0471396784,wa.me API check,Dulgher Petru,owner,office.asia@gitanawinery1953.com,website,office.asia@gitanawinery1953.com; office@gitanawinery1953.com; officechisinau@gitanawinery1953.com; ionpopescu@doe.com; john@doe.com; sales.asia@gitanawinery1953.com; swiss.sales@gitanawinery1953.com
uniTTed spinners,https://www.unittedspinners.ch,OSM,https://wa.me/0485751,0485751,site mentions WhatsApp,Pingpong Lounge,Partner,info@unittedspinners.ch,website,info@unittedspinners.ch
Swiss Barakah,https://barakah.ch,OSM,https://wa.me/09402809386026,09402809386026,site mentions WhatsApp,Mohamad Ajami,CEO,mohamad.ajami@barakah.ch,website,info@barakah.ch; emil@anon-design.se; jack@greensock.com; mohamad.ajami@barakah.ch
"Dr. Iten, Dudli + Partner",https://idp-treuhand.ch,OSM,https://wa.me/0260716,0260716,site mentions WhatsApp,Antonio Iten,Geschäftsführer,antonio.iten@idp-treuhand.ch,website,info@idp-treuhand.ch; 20info@idp-treuhand.ch; antonio.iten@idp-treuhand.ch
GIB-Solutions AG,https://www.gib-solutions.ch,OSM,https://wa.me/0260722,0260722,site mentions WhatsApp,,,schlieren@ggsnet.ch,none,info@ggsnet.ch; schlieren@ggsnet.ch
Faye Studio,https://www.fayestudio.ch,OSM,https://wa.me/0445434037,0445434037,site mentions WhatsApp,Persönliche Beg,leitung,hoi@fayestudio.ch,website,hoi@fayestudio.ch
iC Consult GmbH,https://ic-consult.com,OSM,https://wa.me/0260724,0260724,site mentions WhatsApp,Raiffeisen Bank,Owner,raiffeisen.bank@ic-consult.com,website,marketing@ic-consult.com; raiffeisen.bank@ic-consult.com
Lemon,https://www.lemonmoebel.ch,OSM,https://wa.me/08575227547177771247,08575227547177771247,site mentions WhatsApp,,,lemon@lemonmoebel.ch,none,lemon@lemonmoebel.ch
TuricumFit,https://turicum.fit,OSM,https://wa.me/0240820,0240820,site mentions WhatsApp,,,fitness@turicum.fit,none,fitness@turicum.fit
Inhesa GmbH,https://www.inhesa.ch,OSM,https://wa.me/0889576,0889576,site mentions WhatsApp,Coaching Die,Gründer,kontakt@inhesa.de,website,kontakt@inhesa.de
ELZA Institute,https://www.elza-institute.com,OSM,https://wa.me/0260713,0260713,site mentions WhatsApp,Jeddah July,CEO,info@elza-institute.com,website,info@elza-institute.com
Jugendtreff,https://jugendarbeit-uitikon.ch,OSM,https://wa.me/03921568627,03921568627,site mentions WhatsApp,Jugendarbeit Die,leitung,jugendarbeit.die@jugendarbeit-uitikon.ch,website,danielle.misteli@uitikon.org; jugendarbeit.die@jugendarbeit-uitikon.ch
UNIK,https://unik-architektur.ch,OSM,https://wa.me/0230830,0230830,site mentions WhatsApp,,,info@unik-architektur.ch,none,info@unik-architektur.ch
Theater Maralam,https://maralam.net,OSM,https://wa.me/0251216,0251216,site mentions WhatsApp,El Teatro,partner,el@maralam.net,website,maralam@maralam.net; el@maralam.net
Mibex,https://www.mibexsoftware.com,OSM,https://wa.me/0260416,0260416,site mentions WhatsApp,Bitbucket About,Owner,info@elevatic.com,website,info@elevatic.com
Studio Soma,https://www.studio-soma.com,OSM,https://wa.me/0396774,0396774,site mentions WhatsApp,Brunna Breathwork,Co-Founder,info@studio-soma.com,website,info@studio-soma.com
OUS Royal Academy,https://www.academy.zuerich,OSM,https://wa.me/03988698,03988698,site mentions WhatsApp,Academy Switzerland,Partner,admission@ousedu.ch,website,admission@ousedu.ch
Swissdox AG,https://swissdox.ch,OSM,https://wa.me/0260729,0260729,site mentions WhatsApp,Datenanalyse Mit,Partner,datenanalyse.mit@swissdox.ch,website,contact@swissdox.ch; datenanalyse.mit@swissdox.ch
Equans,https://www.equans.ch,OSM,https://wa.me/0800888788,0800888788,site mentions WhatsApp,Equans-Werten Respekt,ceo,info.ch@equans.com,website,info.ch@equans.com
Studio Breath Academy,https://breath-academy.ch,OSM,https://wa.me/0396774,0396774,site mentions WhatsApp,Breath Academy,Co-Founder,breath@breath-academy.ch,website,francesca@breath-academy.ch; breath@breath-academy.ch
Zürcher Beratungsstelle für Asylsuchende,https://www.heks.ch/was-wir-tun/heks-rechtsberatungsstelle-fuer-asylsuchende-zuerich,OSM,https://wa.me/0313701581,0313701581,site mentions WhatsApp,Ihre Spende,cto,info@heks.ch,website,info@heks.ch; s-verfahren.be@rbsbern.ch; zba@heks.ch
YRGEO Solutions GmbH,https://www.yrgeo.solutions,OSM,https://wa.me/0202608,0202608,site mentions WhatsApp,Die Nutzung,Partner,info@yrgeo.solutions,website,info@yrgeo.solutions
PriveTec Haushaltsgeräte Service,https://www.privetec.ch,OSM,https://wa.me/0433001046,0433001046,site mentions WhatsApp,Ihr Haushaltsger,Partner,info@privetec.ch,website,info@privetec.ch
Pragmatica,https://www.pragmatica.ch,OSM,https://wa.me/0260520,0260520,site mentions WhatsApp,Competence Center,Partner,info@pragmatica.ch,website,info@pragmatica.ch; anfragen@pragmatica.ch
Reitstall im Dörfli,https://www.reitstall-im-doerfli.ch,OSM,https://wa.me/0666666666667,0666666666667,site mentions WhatsApp,,,info@reitstall-im-doerfli.ch,none,info@reitstall-im-doerfli.ch
Stefan Mau Services,https://www.local.ch/de/d/zuerich/8050/stefan-mau-services-jw4b78U-tOvWmeejPixwRg,OSM,https://wa.me/0207214,0207214,site mentions WhatsApp,Beanspruchen Stefan,Inhaber,customercare@localsearch.ch,website,customercare@localsearch.ch
Otto Fischer AG,https://www.ottofischer.ch,OSM,https://wa.me/08210022,08210022,site mentions WhatsApp,Otto Fischer,partner,info@ottofischer.ch,website,info@ottofischer.ch
Renita Thai Massage,https://renita-thaimassage.ch,OSM,https://wa.me/01520153,01520153,site mentions WhatsApp,Renita Thai,Team Member,renita.thai@renita-thaimassage.ch,website,hello@rfuenzalida.com; team@renita-thaimassage.ch; astigma@astigmatic.com; matt@pixelspread.com; renita.thai@renita-thaimassage.ch
Som,https://studio-soma.com,OSM,https://wa.me/0396774,0396774,site mentions WhatsApp,Brunna Breathwork,Co-Founder,brunna.breathwork@studio-soma.com,website,info@studio-soma.com; brunna.breathwork@studio-soma.com
Huus Foif,https://huus-foif.com,OSM,https://wa.me/01020103,01020103,site mentions WhatsApp,,,info@huus-foif.com,none,info@huus-foif.com
cablex,https://www.cablex.ch,OSM,https://wa.me/0834912,0834912,site mentions WhatsApp,Kostenloser Auslegeordnungs-Workshop,Team Member,cablex.info@cablex.ch,website,cablex.info@cablex.ch
White Tex,https://www.whitetex.ch,OSM,https://wa.me/410787083021,+410787083021,site mentions WhatsApp,,,info@whitetex.ch,none,info@whitetex.ch
Dubris AG,https://www.dubris.ch,OSM,https://wa.me/02174924,02174924,site mentions WhatsApp,,,contact@dubris.ch,none,contact@dubris.ch
Wegmüller Licht,https://wegmuellerlicht.ch,OSM,https://wa.me/01520153,01520153,site mentions WhatsApp,,,mwe@wegmuellerlicht.ch,none,mwe@wegmuellerlicht.ch
Relysian,https://relysian.ch,OSM,https://wa.me/0928276930348,0928276930348,site mentions WhatsApp,,,info@relysian.ch,none,info@relysian.ch
EVERYWOW AG,https://www.everywow.ch,OSM,https://wa.me/0200101,0200101,site mentions WhatsApp,Carsten Wengel,CEO,hello@everywow.ch,website,hello@everywow.ch
LVMH,https://www.lvmh.com,OSM,https://wa.me/0260424,0260424,wa.me API check,Publications Key,PARTNER,contact.communication@lvmh.co,website,contact.communication@lvmh.co; contact.communication@lvmh.com; contact.environment@lvmh.com; contact.finance@lvmh.com; contact.rse@lvmh.com; recruitment.meeting@lvmh.com; digitalaccessibility@lvmh.com; dpo.holding@lvmh.fr; insidelvmh@lvmh.com; lvhm_contact_communication@emailatus.com; lvhm_contact_environnement@emailatus.com; mission.handicap@lvmh.com; nlvhm_contact_communication@emailatus.com
A. Baggenstos & Co AG,https://www.baggenstos.ch,OSM,https://wa.me/0586945,0586945,wa.me API check,Lenzlinger Söhne,CEO,info@baggenstos.ch,website,info@baggenstos.ch
ompex,https://ompex.ch,OSM,https://wa.me/0251205,0251205,site mentions WhatsApp,Ihre Energie,Partner,ihre.energie@ompex.ch,website,info@ompex.ch; ihre.energie@ompex.ch
HiveQ,https://hiveq.com,OSM,https://wa.me/0260730,0260730,site mentions WhatsApp,Assessment Partner,Partner,assessment.partner@hiveq.com,website,info@hiveq.com; assessment.partner@hiveq.com
Quad Systems AG,https://quadsystems.tech,OSM,https://wa.me/0260610,0260610,site mentions WhatsApp,North America,partner,north.america@quadsystems.tech,website,contact@rs2d.com; info@dpunion.com.br; info@jasco-spain.com; info@quadsystems.tech; info@tran-sci.com; fan.bu@techship.cn; ponidi@labsystematic.com; sales@nanalysis.com; sales@quadsystems.tech; supercon@ptd.net; north.america@quadsystems.tech
Kadampa Meditationszentrum,https://kadampa.ch,OSM,https://wa.me/0260723,0260723,site mentions WhatsApp,Führungen Öffnungszeiten,Gründer,info@kadampa.ch,website,info@kadampa.ch
Derma Medical Clinic,https://dermamedicalclinic.ch,OSM,https://wa.me/0260728,0260728,site mentions WhatsApp,Narben Hauttherapeutische,leitung,narben.hauttherapeutische@dermamedicalclinic.ch,website,info@dermamedicalclinic.ch; narben.hauttherapeutische@dermamedicalclinic.ch
Vitamin Lounge,https://vitamin-lounge.ch/standorte/standort-wallisellen,OSM,https://wa.me/0260519,0260519,site mentions WhatsApp,Lounge Gmb,Partner,lounge.gmb@vitamin-lounge.ch,website,health@vitamin-lounge.com; wallisellen@vitamin-lounge.com; lounge.gmb@vitamin-lounge.ch
Labör,https://www.laboer.ch,OSM,https://wa.me/0781255,0781255,site mentions WhatsApp,Ariane Gäbler,Leitung,hallo@laboer.ch,website,hallo@laboer.ch
Convita Bethanien,https://bethanien.ch/convita-bethanien,OSM,https://wa.me/0260615,0260615,site mentions WhatsApp,Freiwilligenarbeit Kontakt,Leitung,freiwilligenarbeit@bethanien.ch,website,info@bethanien.ch; convita@bethanien.ch; freiwilligenarbeit@bethanien.ch
Wohnstätten Zwyssig,https://www.wohnstaetten.ch,OSM,https://wa.me/02010100,02010100,site mentions WhatsApp,Begleitung Sportclubs,Partner,info@zwyssig-zueri.ch,website,info@zwyssig-zueri.ch
Sunweb,https://www.sunweb.be,OSM,https://wa.me/02259503,02259503,site mentions WhatsApp,Annuler Envoyer,associé,naam@voorbeeld.nl,website,naam@voorbeeld.nl
Quartiertreff Hirslanden,https://www.qth.ch,OSM,https://wa.me/0795978700,0795978700,site mentions WhatsApp,Verwirklichung Ihrer,Leitung,quartiertreff@qth.ch,website,quartiertreff@qth.ch
Delta City Hotels,https://www.delta-cityhotels.com,OSM,https://wa.me/07372011,07372011,site mentions WhatsApp,,,booking@delta-cityhotels.com,none,booking@delta-cityhotels.com
OJA Schwamendingen,https://www.oja.ch/einrichtungen/oja-schwamendingen,OSM,https://wa.me/0250410,0250410,site mentions WhatsApp,,,schwamendingen@oja.ch,none,info@oja.ch; schwamendingen@oja.ch
Arkadia Alters- & Pflegeresidenz,https://www.arkadia.ch,OSM,https://wa.me/0260728,0260728,site mentions WhatsApp,Daniel Wyss,partner,info@arkadia.ch,website,info@arkadia.ch; adelina.acifi@arkadia.ch; ausbildung@bellevueresidenz.ch; mefat.sinani@arkadia.ch; vanessa.gubler@arkadia.ch
Universitäres Tierspital,http://www.tierspital.uzh.ch,OSM,https://wa.me/0251027,0251027,site mentions WhatsApp,,,stab_tierspital@vetclinics.uzh.ch,none,stab_tierspital@vetclinics.uzh.ch
Heim am Römerhof,https://www.heimroemerhof.ch,OSM,https://wa.me/0260610,0260610,site mentions WhatsApp,Bereich Qualität,Partner,administration@heimroemerhof.ch,website,administration@heimroemerhof.ch; info@roemerhofresidenz.ch; anastasia.skripnikov@heimroemerhof.ch; ausbildung@bellevueresidenz.ch; katarina.milanova@heimroemerhof.ch; maria.mura@heimroemerhof.ch; muster@emailprovider.ch; nikola.stojadinovic@heimroemerhof.ch
Balgrist Campus,https://www.balgristcampus.ch,OSM,https://wa.me/01520153,01520153,site mentions WhatsApp,Balgrist Campus,Director,info@balgristcampus.ch,website,info@balgristcampus.ch; 3dprint@balgristcampus.ch
Reitschule Kolbenhof,https://www.reitschulekolbenhof.ch,OSM,https://wa.me/0260116,0260116,site mentions WhatsApp,Follow Follow,Partner,info@reitschulekolbenhof.ch,website,info@reitschulekolbenhof.ch
Autocity Emil Frey Zürich Nord,https://www.emilfrey.ch/de/zuerich-nord,OSM,https://wa.me/0596713,0596713,site mentions WhatsApp,Ihr Wunschaut,Geschäftsführer,info-baden@emilfrey.ch,website,info-baden@emilfrey.ch; info-balerna@emilfrey.ch; info-basel@emilfrey.ch; info-chavannes@emilfrey.ch; info-duebendorf@emilfrey.ch; info-kreuzgarage-sh@emilfrey.ch; info-morges@emilfrey.ch; info-schaffhausen@emilfrey.ch; info-winterthur@emilfrey.ch; info-zo-volketswil@emilfrey.ch; info-zo-wetzikon@emilfrey.ch; info-zuchwil@emilfrey.ch; info.chur@emilfrey.ch; info.stmoritz@emilfrey.ch; info@emilfreyclassics.ch; altendorf@emilfrey.ch; astonmartin@emilfrey.ch; autocenter@emilfrey.ch; autocenterbern@emilfrey.ch; autohaus@emilfrey.ch; autopark@emilfrey.ch; bern-west@emilfrey.ch; biel@emilfrey.ch; bmw.geneve@emilfrey.ch; centresion@emilfrey.ch; chaux-de-fonds@emilfrey.ch; crissier@emilfrey.ch; ebikon@emilfrey.ch; eigerplatz@emilfrey.ch; emilfrey@select.ch; frauenfeld@emilfrey.ch; garagedulignon@emilfrey.ch; geneve@emilfrey.ch; gfenn@emilfrey.ch; kriens@emilfrey.ch; lamone@emilfrey.ch; luzern-littau@emilfrey.ch; marly@emilfrey.ch; max.mustermann@mail.ch; move@emilfrey.ch; muenchenstein@emilfrey.ch; muensingen@emilfrey.ch; mustermann@mail.ch; noranco@emilfrey.ch; nyon@emilfrey.ch; schlieren@emilfrey.ch; seegarage@emilfrey.ch; sihlbrugg@emilfrey.ch; spreitenbach@emilfrey.ch; st-legier@emilfrey.ch; vernets@emilfrey.ch; volketswil@emilfrey.ch; waedenswil@emilfrey.ch; zuerichnord@emilfrey.ch
Satellite Office Zürich Zürcherhof,https://www.satellite-office.com/standorte/zuerich/zuercherhof,OSM,https://wa.me/0780422,0780422,wa.me API check,Firmensitz Coworking,Partner,info@satelliteoffice.ch,website,info@satelliteoffice.ch; info@satelliteoffice.de; info@satelliteoffice.it
Gabbiano,https://www.gabbiano-exp.ch,OSM,https://wa.me/01020103,01020103,site mentions WhatsApp,,,gabbiano@hotmail.ch,none,gabbiano@hotmail.ch
Saleh,https://coiffeur-saleh.ch,OSM,https://wa.me/0250421,0250421,site mentions WhatsApp,,,info@coiffeur-saleh.ch,none,info@coiffeur-saleh.ch
Leonardo Boutique Hotel Rigihof,https://www.leonardo-hotels.com/zurich/leonardo-boutique-hotel-rigihof-zurich,OSM,https://wa.me/047730387,047730387,site mentions WhatsApp,Service Great,Manager,info.zurich@leonardo-hotels.com,website,info.zurich@leonardo-hotels.com; advantageclub@leonardo-hotels.com; reservations.south@leonardo-hotels.com
Signor Giuseppe,https://signorgiuseppe.ch,OSM,https://wa.me/0260719,0260719,site mentions WhatsApp,,,info@signorgiuseppe.ch,none,info@signorgiuseppe.ch
BachserMärt,https://www.bachsermaert.ch,OSM,https://wa.me/0191204,0191204,site mentions WhatsApp,Märt Lehre,Partner,laden@bachsermaert.ch,website,laden@bachsermaert.ch
Dar,https://www.restaurantdar.com,OSM,https://wa.me/0445488050,0445488050,site mentions WhatsApp,Email Submit,Partner,info@restaurantdar.com,website,info@restaurantdar.com; booking@restaurantdar.com
Grain,https://grain.ch,OSM,https://wa.me/026050518,026050518,site mentions WhatsApp,,,reservations@grain.ch,none,reservations@grain.ch
Shangrila Tibet,https://www.shangrila-tibet.ch,OSM,https://wa.me/0444620412,0444620412,site mentions WhatsApp,Online Tisch,Partner,info@shangrila-tibet.ch,website,info@shangrila-tibet.ch
Ginger,https://ginger-restaurant.ch,OSM,https://wa.me/0444229509,0444229509,site mentions WhatsApp,,,mail@ginger-restaurant.ch,none,mail@ginger-restaurant.ch
World's End,https://worldsend.ch,OSM,https://wa.me/0260120,0260120,site mentions WhatsApp,,,worldsend@worldsend.ch,none,worldsend@worldsend.ch
Europe,https://www.europehotel.ch,OSM,https://wa.me/410434568686,+410434568686,site mentions WhatsApp,,,info@europehotel.ch,none,info@europehotel.ch
Restaurant Waldmannsburg,https://www.waldmannsburg.ch,OSM,https://wa.me/0260705,0260705,site mentions WhatsApp,,,info@waldmannsburg.ch,none,info@waldmannsburg.ch
Regi Beck,https://regibeck.ch,OSM,https://wa.me/0231206,0231206,site mentions WhatsApp,,,info@regibeck.ch,none,info@regibeck.ch
Blockhus,https://restaurant-blockhus.ch,OSM,https://wa.me/0442521453,0442521453,site mentions WhatsApp,,,info@restaurant-blockhus.ch,none,info@restaurant-blockhus.ch
Old Fashion Bar,https://old-fashion-bar.ch,OSM,https://wa.me/0442251888,0442251888,site mentions WhatsApp,,,info@old-fashion-bar.ch,none,info@old-fashion-bar.ch; info@oldfashionbar.ch; info@oldfashiongroup.ch
Molino,https://molino.ch/de/pizzeria-ristorante-molino-select,OSM,https://wa.me/0230920152300,0230920152300,site mentions WhatsApp,Expansion Consulting,Partner,expansion.consulting@molino.ch,website,info@molino.ch; expansion.consulting@molino.ch
Weisses Kreuz,https://restaurant-weisseskreuz.ch,OSM,https://wa.me/0442514950,0442514950,site mentions WhatsApp,,,info@restaurant-weisseskreuz.ch,none,info@restaurant-weisseskreuz.ch
Lotti,https://www.lotti-lokal.ch,OSM,https://wa.me/02174924,02174924,site mentions WhatsApp,,,info@lotti-lokal.ch,none,info@lotti-lokal.ch
Cafeteria,https://www.qth.ch/cafeteria,OSM,https://wa.me/0222021,0222021,site mentions WhatsApp,,,quartiertreff@qth.ch,none,quartiertreff@qth.ch
Schützengasse,https://www.schuetzengasse.com,OSM,https://wa.me/04900491,04900491,site mentions WhatsApp,Presse Gutscheine,Partner,restaurant@schuetzengasse.com,website,restaurant@schuetzengasse.com
Schweizerhof,https://www.hotelschweizerhof.com,OSM,https://wa.me/0260120083459,0260120083459,site mentions WhatsApp,,,info@hotelschweizerhof.com,none,info@hotelschweizerhof.com
Barfly'z,https://barflyz.ch,OSM,https://wa.me/0230328,0230328,site mentions WhatsApp,,,info@barflyz.ch,none,info@barflyz.ch
Porsche Service Zentrum Zürich,https://www.asdag.ch,OSM,https://wa.me/0668159,0668159,site mentions WhatsApp,Lukas Welti,Geschäftsführer,info@asdag.ch,website,info@asdag.ch
Cucina,https://www.cucinarestaurant.ch,OSM,https://wa.me/0202516,0202516,site mentions WhatsApp,,,basilisk@cucinarestaurant.ch,none,basilisk@cucinarestaurant.ch; bernoulli@cucinarestaurant.ch; limmatplatz@cucinarestaurant.ch; milchbuck@cucinarestaurant.ch; niederdorf@cucinarestaurant.ch; reservations@cucina.com; reservations@sectra.com
Old Inn,https://theoldinn.ch,OSM,https://wa.me/07399675,07399675,site mentions WhatsApp,,,hello@theoldinn.ch,none,hello@theoldinn.ch
Quartier 5 Restaurant & Bar,https://quartier5.ch,OSM,https://wa.me/02174924,02174924,site mentions WhatsApp,,,info@quartier5.ch,none,info@quartier5.ch
KWEER,https://kweerbar.ch,OSM,https://wa.me/0188971,0188971,site mentions WhatsApp,,,info@kweerbar.ch,none,info@kweerbar.ch
Denner Express,https://www.denner.ch,OSM,https://wa.me/0869565217,0869565217,site mentions WhatsApp,,,info@denner.ch,none,info@denner.ch
Plaza Klub,https://www.plaza-zurich.ch,OSM,https://wa.me/026080723,026080723,site mentions WhatsApp,,,info@plaza-zurich.ch,none,info@plaza-zurich.ch
Olympia Apotheke,https://www.olympia-apotheke.ch,OSM,https://wa.me/01765229,01765229,site mentions WhatsApp,Aktuell Rotpunkt,Partner,info@olympia-apotheke.ch,website,info@olympia-apotheke.ch
Velo Elsener AG,https://velo-elsener.ch,OSM,https://wa.me/0260717,0260717,site mentions WhatsApp,,,support@toweb.ch,none,support@toweb.ch
Plaza Bar,https://www.plaza-zurich.ch/programm-bar,OSM,https://wa.me/026080723,026080723,site mentions WhatsApp,,,info@plaza-zurich.ch,none,info@plaza-zurich.ch
Hang's,https://hangs.ch,OSM,https://wa.me/0883935,0883935,site mentions WhatsApp,,,restaurant@hangs.ch,none,restaurant@hangs.ch
Oh My Greek,https://ohmygreek.ch/standorte/kalkbreite,OSM,https://wa.me/0260629,0260629,site mentions WhatsApp,,,info@ohmygreek.ch,none,info@ohmygreek.ch
Trip Inn,https://tripinn-hotels.com/zurich,OSM,https://wa.me/0190524,0190524,site mentions WhatsApp,Das Großunternehmen,leitung,das@tripinn-hotels.com,website,info@tripinn-hotels.com; zuerich@tripinn-hotels.com; das@tripinn-hotels.com
Jaime El Barco,https://www.jaime.ch,OSM,https://wa.me/0260310,0260310,site mentions WhatsApp,,,info@jaime.ch,none,info@jaime.ch
Saravanaa Bhavan,https://www.saravanaabhavan.swiss,OSM,https://wa.me/031122025,031122025,site mentions WhatsApp,Festive Opening,Team Member,zurich@saravanaabhavan.swiss,website,zurich@saravanaabhavan.swiss
Cheyenne,https://www.cheyenne-oerlikon.ch,OSM,https://wa.me/0260725,0260725,site mentions WhatsApp,,,cheyenne@cheyenne-oerlikon.ch,none,cheyenne@cheyenne-oerlikon.ch
Garibaldi,https://garibaldi.bar,OSM,https://wa.me/0211109,0211109,site mentions WhatsApp,,,info@garibaldi.bar,none,info@garibaldi.bar
Dali's Bar,https://www.dalis.ch,OSM,https://wa.me/0417935834,0417935834,site mentions WhatsApp,,,contact@dalis.ch,none,contact@dalis.ch; info@dalis.ch
Rheinfelder Bierhalle,https://www.rheinfelderbierhalle.com,OSM,https://wa.me/0493433,0493433,site mentions WhatsApp,,,info@rheinfelderbierhalle.com,none,info@rheinfelderbierhalle.com
Brick,http://brickbar.ch,OSM,https://wa.me/0230328,0230328,site mentions WhatsApp,,,info@brickbar.ch,none,info@brickbar.ch
Il Salento,https://www.ristoranteilsalento.ch,OSM,https://wa.me/0221800,0221800,site mentions WhatsApp,,,info@ristoranteilsalento.ch,none,info@ristoranteilsalento.ch
Rice Up!,https://www.riceup-restaurant.com,OSM,https://wa.me/0260728,0260728,site mentions WhatsApp,,,bern@riceup.ch,none,bern@riceup.ch; circle@riceup.ch; eth@riceup.ch; hauptbahnhof@riceup.ch; loewenplatz@riceup.ch; stadelhofen@riceup.ch; winterthur@riceup.ch
Rebstock,https://www.rebstock-seebach.ch,OSM,https://wa.me/0251112,0251112,site mentions WhatsApp,Analysen View,Partner,info@rebstock-seebach.ch,website,info@rebstock-seebach.ch; reservation@rebstock-seebach.ch
Basilica,https://www.basilica.ch,OSM,https://wa.me/0230713,0230713,site mentions WhatsApp,,,info@basilica.ch,none,info@basilica.ch
Aargauerhof,https://restaurant-aargauerhof.ch,OSM,https://wa.me/010001000,010001000,site mentions WhatsApp,,,info@restaurant-aargauerhof.ch,none,info@restaurant-aargauerhof.ch
Zürich Kreuzplatz / Kirche St. Anton,https://www.mobility.ch,OSM,https://wa.me/0978803,0978803,wa.me API check,,,office@mobility.ch,none,office@mobility.ch
Zürich Bucheggplatz / Wachterweg,https://www.mobility.ch,OSM,https://wa.me/0210920,0210920,wa.me API check,,,office@mobility.ch,none,office@mobility.ch
Zürich Altstetten / Zwischenbächen,https://www.mobility.ch,OSM,https://wa.me/0600568,0600568,wa.me API check,,,office@mobility.ch,none,office@mobility.ch
Zumikon Unterdorf,https://www.mobility.ch,OSM,https://wa.me/0260625,0260625,wa.me API check,,,office@mobility.ch,none,office@mobility.ch
Zürich Affolternstrasse,https://www.mobility.ch,OSM,https://wa.me/0969569,0969569,wa.me API check,,,office@mobility.ch,none,office@mobility.ch
Kantorei,https://restaurantkantorei.ch,OSM,https://wa.me/01000130,01000130,site mentions WhatsApp,,,info@restaurantkantorei.ch,none,info@restaurantkantorei.ch
Addis Ababa,https://addisabebazurich.ch,OSM,https://wa.me/0844040404,0844040404,site mentions WhatsApp,,,support@hostpoint.ch,none,support@hostpoint.ch; billing@hostpoint.ch
Ristorante Bar Certo,https://casa-certo.ch,OSM,https://wa.me/0241115,0241115,site mentions WhatsApp,,,ciao@casa-certo.ch,none,ciao@casa-certo.ch
El Lokal,https://www.ellokal.ch,OSM,https://wa.me/04900491,04900491,site mentions WhatsApp,,,ellokal@ellokal.ch,none,ellokal@ellokal.ch
Voice + Music Academy Zürich,https://www.voicemusic.ch,OSM,https://wa.me/04388486995,04388486995,site mentions WhatsApp,About Zurück,Leitung,info@voicemusic.ch,website,info@voicemusic.ch
Plüsch,https://www.cafe-pluesch.ch,OSM,https://wa.me/01320137,01320137,site mentions WhatsApp,,,kontakt@cafe-pluesch.ch,none,kontakt@cafe-pluesch.ch
Zürich Helvetiaplatz,https://www.mobility.ch,OSM,https://wa.me/06344795,06344795,wa.me API check,,,office@mobility.ch,none,office@mobility.ch
estia Home of Taste,https://www.estiahomeoftaste.ch,OSM,https://wa.me/02174924,02174924,site mentions WhatsApp,,,info@estiahomeoftaste.ch,none,info@estiahomeoftaste.ch
Krone Unterstrass,https://hotel-krone.ch,OSM,https://wa.me/09661217877581,09661217877581,site mentions WhatsApp,,,info@hotel-krone.ch,none,info@hotel-krone.ch
Mère Catherine,https://www.mere-catherine.ch,OSM,https://wa.me/0442505940,0442505940,site mentions WhatsApp,,,merecatherine@commercio.ch,none,merecatherine@commercio.ch
Haus zum Rüden,https://www.haus-zum-rueden.ch,OSM,https://wa.me/026041288113,026041288113,site mentions WhatsApp,,,info@hauszumrueden.ch,none,info@hauszumrueden.ch
Food Corner,https://www.foodcorner-swiss.ch,OSM,https://wa.me/04900491,04900491,site mentions WhatsApp,,,info@foodcorner-swiss.ch,none,info@foodcorner-swiss.ch
Arcade Pizzeria,https://arcadepizzeria.ch,OSM,https://wa.me/03000494869015562,03000494869015562,site mentions WhatsApp,,,info@arcadepizzeria.ch,none,info@arcadepizzeria.ch
Sando,https://sandoburger.com,OSM,https://wa.me/0844507,0844507,site mentions WhatsApp,,,ivalu@sandorestaurant.ch,none,ivalu@sandorestaurant.ch; yoss@kakinuma.ch
Vulkan,https://www.restaurant-vulkan.ch,OSM,https://wa.me/0260328,0260328,site mentions WhatsApp,,,info@restaurant-vulkan.ch,none,info@restaurant-vulkan.ch
Rheinfelder Bierhaus,https://restaurant-rheinfelderbierhaus.ch,OSM,https://wa.me/0442512991,0442512991,site mentions WhatsApp,,,info@restaurant-rheinfelderbierhaus.ch,none,info@restaurant-rheinfelderbierhaus.ch
Big Ben Pub,https://bigbenpubzurich.ch,OSM,https://wa.me/04112022,04112022,site mentions WhatsApp,,,info@bigbenpubzurich.ch,none,info@bigbenpubzurich.ch
Del Sole Pizzakurier,https://www.pizza-delsole.ch,OSM,https://wa.me/07686662,07686662,site mentions WhatsApp,,,info@pizza-delsole.ch,none,info@pizza-delsole.ch
Wöschi,https://www.woeschi.ch,OSM,https://wa.me/0260404,0260404,site mentions WhatsApp,,,info@woeschi.ch,none,info@woeschi.ch
Da Carlo,https://www.ristorante-dacarlo.ch,OSM,https://wa.me/020200513,020200513,site mentions WhatsApp,,,kontakt@ristorante-dacarlo.ch,none,kontakt@ristorante-dacarlo.ch
Restaurant Bahnhof Wiedikon,https://restaurant-bahnhofwiedikon.ch,OSM,https://wa.me/0444626424,0444626424,site mentions WhatsApp,,,info@restaurant-bahnhofwiedikon.ch,none,info@restaurant-bahnhofwiedikon.ch
Veloatelier,https://www.veloatelier.ch,OSM,https://wa.me/0260729,0260729,site mentions WhatsApp,,,info@veloatelier.ch,none,info@veloatelier.ch
Peter & Vreni Schuhmode,https://www.schuhmode.ch,OSM,https://wa.me/080808035,080808035,site mentions WhatsApp,,,schuhmode@bluewin.ch,none,schuhmode@bluewin.ch
Blumen Haab,https://blumenhaab.ch,OSM,https://wa.me/0707530354,0707530354,site mentions WhatsApp,,,info@blumenhaab.ch,none,info@blumenhaab.ch
Damas,https://www.restaurantdamas.ch,OSM,https://wa.me/0396455,0396455,site mentions WhatsApp,,,info@restaurantdamas.ch,none,info@restaurantdamas.ch
India Supermarkt Maharajah,https://www.indiasupermarkt.ch,OSM,https://wa.me/0250321,0250321,site mentions WhatsApp,India Supermarkt,Managing Director,contact-info@indiasupermarkt.ch,website,contact-info@indiasupermarkt.ch; info@indiasupermarkt.ch
Passissimo,https://passissimo.ch,OSM,https://wa.me/01320137,01320137,site mentions WhatsApp,,,shop@passissimo.ch,none,shop@passissimo.ch
Allegra Kinderhaus Im Birch,https://unsere-champions.ch/imbirch,OSM,https://wa.me/0466243,0466243,site mentions WhatsApp,Dein Ansprech,partner,dein.ansprech@unsere-champions.ch,website,dein.ansprech@unsere-champions.ch
Hardhof,https://restaurant-hardhof.ch,OSM,https://wa.me/010001000,010001000,site mentions WhatsApp,,,info@restaurant-hardhof.ch,none,info@restaurant-hardhof.ch
Gambrinus,https://gambrinus-langstrasse.ch,OSM,https://wa.me/0442411260,0442411260,site mentions WhatsApp,,,info@gambrinus-langstrasse.ch,none,info@gambrinus-langstrasse.ch
Safran,https://safran-duebendorf.ch,OSM,https://wa.me/0356422,0356422,site mentions WhatsApp,,,info@safran-duebendorf.ch,none,info@safran-duebendorf.ch
Restaurant Haldenbach,https://www.restauranthaldenbach.ch,OSM,https://wa.me/04900491,04900491,site mentions WhatsApp,,,info@restauranthaldenbach.ch,none,info@restauranthaldenbach.ch
Dr. Andres Apotheke Stadelhofen,https://www.apothekestadelhofen.ch,OSM,https://wa.me/0280490,0280490,wa.me API check,,,apothekestadelhofen@ovan.ch,none,info@apothekestadelhofen.ch; apothekestadelhofen@ovan.ch
Wien Zeile,https://www.kaiser-wienzeile.ch,OSM,https://wa.me/01020103,01020103,site mentions WhatsApp,Egg Zur,Partner,kaiser@kaiser-wienzeile.ch,website,kaiser@kaiser-wienzeile.ch
BOOSTER,https://www.booster.ch,OSM,https://wa.me/0250902,0250902,site mentions WhatsApp,Lederjacke Perfe,cto,info@booster.ch,website,info@booster.ch
Roxy,https://www.roxymusikbar.ch,OSM,https://wa.me/0409999999,0409999999,site mentions WhatsApp,,,mail@roxymusikbar.ch,none,mail@roxymusikbar.ch
Peking Garden,https://peking-garden.ch,OSM,https://wa.me/0260720,0260720,site mentions WhatsApp,Jobs Angebot,Partner,jobs.angebot@peking-garden.ch,website,info@peking-garden.ch; jobs.angebot@peking-garden.ch
Brasserie Café de Paris,https://www.brasseriedeparis.ch,OSM,https://wa.me/01000130,01000130,site mentions WhatsApp,,,amour@brasseriedeparis.ch,none,amour@brasseriedeparis.ch
Der Wilde Kaiser,https://www.derwildekaiser.ch,OSM,https://wa.me/075796247,075796247,site mentions WhatsApp,,,kaiser@derwildekaiser.ch,none,kaiser@derwildekaiser.ch
Albis-Apotheke,https://www.albisapotheke.ch,OSM,https://wa.me/01765229,01765229,site mentions WhatsApp,,,albisapotheke@ovan.ch,none,albisapotheke@ovan.ch
Red Lips Cabaret Bar,https://red-lips.ch,OSM,https://wa.me/0251204,0251204,site mentions WhatsApp,Jedes Mal,leitung,jedes.mal@red-lips.ch,website,info@red-lips.ch; dpo-google@google.com; dpo@hotjar.com; jedes.mal@red-lips.ch
Club el Social,https://www.elsocial.ch,OSM,https://wa.me/06715573,06715573,site mentions WhatsApp,,,info@elsocial.ch,none,info@elsocial.ch
Emmaus Brockenhaus,https://www.emmaus-zh.ch,OSM,https://wa.me/0499321785235199,0499321785235199,site mentions WhatsApp,,,hello@emmaus-zh.ch,none,hello@emmaus-zh.ch
Stubä,https://www.stube.me,OSM,https://wa.me/01307879861,01307879861,wa.me API check,,,booking@stubae.ch,none,booking@stubae.ch
Namaste,https://namaste-oerlikon.ch,OSM,https://wa.me/0260409,0260409,site mentions WhatsApp,,,info@namaste-oerlikon.ch,none,info@namaste-oerlikon.ch
Geeren,https://www.geeren.ch,OSM,https://wa.me/0260720,0260720,site mentions WhatsApp,,,info@geeren.ch,none,info@geeren.ch
Götte Optik,https://www.goetteoptik.ch,OSM,https://wa.me/0251556,0251556,site mentions WhatsApp,,,mail@goetteoptik.ch,none,mail@goetteoptik.ch
liluca,https://www.liluca.ch/zuerich,OSM,https://wa.me/0251212,0251212,site mentions WhatsApp,,,90zuerich@liluca.ch,none,90zuerich@liluca.ch; st.gallen@liluca.ch; zuerich@liluca.ch
D-Vino,https://www.d-vino.ch,OSM,https://wa.me/0240808,0240808,site mentions WhatsApp,,,info@d-vino.ch,none,info@d-vino.ch
TopClean,https://www.zebrafashion.com,OSM,https://wa.me/0190930,0190930,site mentions WhatsApp,,,service@zebrafashion.com,none,service@zebrafashion.com
Zentral,https://www.zentralthairestaurant.ch,OSM,https://wa.me/0610218,0610218,site mentions WhatsApp,Thai Restaurant,Team Member,info@zentralthairestaurant.ch,website,info@zentralthairestaurant.ch
marktküche,https://www.marktkueche.ch,OSM,https://wa.me/01520153,01520153,site mentions WhatsApp,,,info@marktkueche.ch,none,info@marktkueche.ch
Chifa Izakaya,https://chifa-izakaya.ch,OSM,https://wa.me/0260703,0260703,site mentions WhatsApp,Pulpo Gangnam,cto,pulpo.gangnam@chifa-izakaya.ch,website,info@chifa-izakaya.ch; pulpo.gangnam@chifa-izakaya.ch
Gamper,https://www.gamper-restaurant.ch,OSM,https://wa.me/0100749593,0100749593,site mentions WhatsApp,,,info@gamper-bar.ch,none,info@gamper-bar.ch; info@gamper-restaurant.ch
Brera,https://www.brera.ch,OSM,https://wa.me/04900491,04900491,site mentions WhatsApp,,,ciao@brera.ch,none,ciao@brera.ch
Tadka,https://tadka.ch,OSM,https://wa.me/0210401,0210401,site mentions WhatsApp,,,reservation@tadka.ch,none,info@tadka.ch; reservation@tadka.ch
Swiss Star Tower,https://www.swiss-star.com,OSM,https://wa.me/0312911,0312911,site mentions WhatsApp,,,info@kindofahotel.com,none,info@kindofahotel.com
Za'atar,https://www.zaatar.ch,OSM,https://wa.me/0260513,0260513,site mentions WhatsApp,,,info@zaatar.ch,none,info@zaatar.ch
PrimeAD AG,https://primeconsulting.ch,OSM,https://wa.me/0260710,0260710,site mentions WhatsApp,Consulting Dienstleistungen,Partner,consulting.dienstleistungen@primeconsulting.ch,website,info@primeconsulting.ch; consulting.dienstleistungen@primeconsulting.ch
Hairstylist Pierre,https://www.hairstylist-pierre.ch,OSM,https://wa.me/0260626,0260626,site mentions WhatsApp,Hairstylist Pierre,Partner,info@hairstylist-pierre.ch,website,info@hairstylist-pierre.ch
Coiffeur Tablo,https://www.coiffeur-tablo.ch,OSM,https://wa.me/077388215,077388215,site mentions WhatsApp,Baki Rashid,Inhaber,info@coiffeur-tablo.ch,website,info@coiffeur-tablo.ch; info@ledesign.ch
Renos Relax,https://www.renosrelax.ch,OSM,https://wa.me/01665035,01665035,site mentions WhatsApp,,,info@renosrelax.ch,none,info@renosrelax.ch
Ichizen,https://www.ichizen-japan-restaurant.ch,OSM,https://wa.me/0957316,0957316,site mentions WhatsApp,,,welcome@ichizen-japan-restaurant.ch,none,welcome@ichizen-japan-restaurant.ch
Mary Jane,https://mary-jane.ch,OSM,https://wa.me/0886227623340,0886227623340,site mentions WhatsApp,,,info@mary-jane.ch,none,info@mary-jane.ch; mail@mary-jane.ch
Molino,https://molino.ch/de/pizzeria-ristorante-molino-stauffacher,OSM,https://wa.me/0230920152300,0230920152300,site mentions WhatsApp,Expansion Consulting,Partner,expansion.consulting@molino.ch,website,info@molino.ch; expansion.consulting@molino.ch
Solide,https://solide-club.ch,OSM,https://wa.me/0448975,0448975,site mentions WhatsApp,,,welcome@club-solide.ch,none,welcome@club-solide.ch
Hasta Ice Cream,https://www.hasta.ch,OSM,https://wa.me/0978779,0978779,site mentions WhatsApp,,,info@hasta.ch,none,info@hasta.ch
Haareschööön,https://www.luxury-shops.com,OSM,https://wa.me/0588621771,0588621771,site mentions WhatsApp,,,luxury@luxury-shops.com,none,luxury@luxury-shops.com
Street-Files Viadukt,https://www.street-files.com,OSM,https://wa.me/0403978232185,0403978232185,wa.me API check,,,info@street-files.com,none,info@street-files.com
August Laube Buch-und Kunstantiquariat,https://augustlaube.ch,OSM,https://wa.me/0260728,0260728,site mentions WhatsApp,,,augustlaube@augustlaube.ch,none,augustlaube@augustlaube.ch
D'Aurora,https://www.daurora.ch,OSM,https://wa.me/0442419015,0442419015,site mentions WhatsApp,,,info@daurora.ch,none,info@daurora.ch
Buchantiquariat Benz,https://eosbooks.ch,OSM,https://wa.me/0161013,0161013,site mentions WhatsApp,Artikel Start,Partner,artikel@eosbooks.ch,website,eos@eosbooks.ch; gertrud@eosbooks.ch; artikel@eosbooks.ch
Lou's Restaurant & Bar,https://www.lous-restaurant.ch,OSM,https://wa.me/0444510707,0444510707,site mentions WhatsApp,,,info@lous-restaurant.ch,none,info@lous-restaurant.ch
Don Leone,https://www.donleone.ch,OSM,https://wa.me/0230625,0230625,site mentions WhatsApp,Unternehmen Jobs,Partner,laperitivo@donleone.ch,website,laperitivo@donleone.ch; stauffacher@donleone.ch; waffenplatz@donleone.ch
E.X. 4,https://www.ex4bar.ch,OSM,https://wa.me/0231123,0231123,site mentions WhatsApp,,,hello@ex4bar.ch,none,hello@ex4bar.ch
Swiss Star Guesthouse District 4,https://swiss-star.com,OSM,https://wa.me/0312911,0312911,site mentions WhatsApp,,,info@kindofahotel.com,none,info@kindofahotel.com
ghel,https://www.ghel.ch/salon/stauffacher,OSM,https://wa.me/0190717,0190717,site mentions WhatsApp,Best Instagram,Partner,info@ghel.ch,website,info@ghel.ch
Fahrschule L66,http://www.l66.ch,OSM,https://wa.me/0756354,0756354,site mentions WhatsApp,Frau Isolde,Gründer,info@ernes.ch,website,info@ernes.ch; info@hondacenter.ch; info@meyerpiaggio.ch; info@mueller-jussel.ch; info@piaggio-center-fontana.ch; info@yellow-point.ch; hallo@fahrschul-center.ch; zuerich-sued@hostettler-moto.ch
Atelier Agave,https://atelieragave.com,OSM,https://wa.me/05480423515185561471,05480423515185561471,site mentions WhatsApp,Ansehen Badt,cto,ansehen.badt@atelieragave.com,website,info@atelieragave.com; ansehen.badt@atelieragave.com
The Sacred,https://vegelateria.ch,OSM,https://wa.me/0140420,0140420,site mentions WhatsApp,,,info@vegelateria.ch,none,info@vegelateria.ch
SehFelder,https://www.sehfelder.ch,OSM,https://wa.me/054936319,054936319,site mentions WhatsApp,,,mail@sehfelder.ch,none,mail@sehfelder.ch
Blue Lemon,https://www.bluelemon.ch,OSM,https://wa.me/06195562,06195562,site mentions WhatsApp,,,basel@bluelemon.ch,none,info@bluelemon.ch; basel@bluelemon.ch; ihre-email@beispiel.com
Giesserei Oerlikon,https://diegiesserei.ch,OSM,https://wa.me/0559310,0559310,site mentions WhatsApp,Familie Nyffenegger,eigentümer,familie.nyffenegger@diegiesserei.ch,website,info@diegiesserei.ch; familie.nyffenegger@diegiesserei.ch
Indian BBQ,https://www.indian-bbq.ch,OSM,https://wa.me/0260629,0260629,site mentions WhatsApp,,,bart@sparklingbrands.ch,none,info@indian-bbq.ch; bart@sparklingbrands.ch
Toro Bar,https://www.torobar.com,OSM,https://wa.me/08792081,08792081,site mentions WhatsApp,,,info@torobar.com,none,info@torobar.com
ZEOT - Tanzschule für orientalischen Tanz,https://www.zeot.ch,OSM,https://wa.me/01447536091396,01447536091396,site mentions WhatsApp,Courses Timetable,cto,info@zeot.ch,website,info@zeot.ch
Amboss Rampe,https://ambossrampe.ch/rampe,OSM,https://wa.me/0260212,0260212,site mentions WhatsApp,Amboss Bier,Gründer,amboss.bier@ambossrampe.ch,website,mail@ambossrampe.ch; amboss.bier@ambossrampe.ch
StarTV,https://startv.ch,OSM,https://wa.me/0260726,0260726,site mentions WhatsApp,Medien Geschichte,Partner,medien.geschichte@startv.ch,website,info@startv.ch; medien.geschichte@startv.ch
X Bar,https://xbar-schlieren.ch,OSM,https://wa.me/0240116,0240116,site mentions WhatsApp,,,info@xbar-schlieren.ch,none,info@xbar-schlieren.ch
Fledermäuse,https://www.fledermausschutz.ch,OSM,https://wa.me/0793306060,0793306060,site mentions WhatsApp,Krättli Biologe,Geschäftsführer,fledermaus@zoo.ch,website,fledermaus@zoo.ch
Fledermaus-Notpflegestation,https://fledermausschutz.ch/notpflegestation,OSM,https://wa.me/02193957,02193957,site mentions WhatsApp,Bat Kantone,Partner,bat.kantone@fledermausschutz.ch,website,fledermaus@zoo.ch; bat.kantone@fledermausschutz.ch
Blue Tomato,https://www.blue-tomato.com/de-CH/shop/zuerich,OSM,https://wa.me/07231956145986342629,07231956145986342629,site mentions WhatsApp,,,info@blue-tomato.com,none,info@blue-tomato.com
Pill Apotheke Neumünster,https://www.pill.ch/standorte/pill-apotheke-neumuenster.html,OSM,https://wa.me/0230904,0230904,site mentions WhatsApp,Bauen Sie,Partner,neumuenster@ovan.ch,website,neumuenster@ovan.ch; neumuenster@pill.ch
Damas,https://restaurantdamas.ch,OSM,https://wa.me/057417596,057417596,site mentions WhatsApp,,,info@restaurantdamas.ch,none,info@restaurantdamas.ch
Luca²,https://www.restaurant-luca.ch,OSM,https://wa.me/0260226,0260226,site mentions WhatsApp,Felix Schulz,leitung,info@restaurant-luca.ch,website,info@restaurant-luca.ch
Sham,https://www.restaurant-sham.ch,OSM,https://wa.me/01320137,01320137,site mentions WhatsApp,,,info@restaurant-sham.ch,none,info@restaurant-sham.ch
Sajeeka,https://www.sajeeka.ch,OSM,https://wa.me/0260430,0260430,site mentions WhatsApp,Themenbereiche Kosmetik,Partner,info@sajeeka.ch,website,info@sajeeka.ch
Com2Net,https://www.com2net.ch,OSM,https://wa.me/0470085,0470085,site mentions WhatsApp,,,info@com2net.ch,none,info@com2net.ch
Dreier Cycles,https://www.dreiercycles.com,OSM,https://wa.me/0796195253,0796195253,site mentions WhatsApp,,,info@dreiercycles.com,none,info@dreiercycles.com
Olympia,https://www.hotelolympia.ch,OSM,https://wa.me/0251141,0251141,site mentions WhatsApp,,,info@hotelolympia.ch,none,info@hotelolympia.ch
Bottega Berta,https://www.bottegaberta.ch,OSM,https://wa.me/0260720,0260720,site mentions WhatsApp,,,info@bottegaberta.ch,none,info@bottegaberta.ch
Garhwal,https://garhwalrestaurant.ch,OSM,https://wa.me/0142015,0142015,site mentions WhatsApp,,,info@garhwalrestaurant.ch,none,info@garhwalrestaurant.ch
Hair & Beauty Studio Zürich,https://hair-and-beauty-studio.ch,OSM,https://wa.me/01520153,01520153,site mentions WhatsApp,,,hairbeautystudiozrich@hair-and-beauty-studio.ch,none,info@sbacademy.ch; hairbeautystudiozrich@hair-and-beauty-studio.ch
DA NOI,https://www.danoi.me,OSM,https://wa.me/0433445544,0433445544,site mentions WhatsApp,More Use,partner,info@danoi.ch,website,info@danoi.ch; marco.rampinelli@dapone.ch
Don Leone,https://donleone.ch/waffenplatz,OSM,https://wa.me/0250202,0250202,site mentions WhatsApp,Unternehmen Jobs,Partner,unternehmen@donleone.ch,website,laperitivo@donleone.ch; stauffacher@donleone.ch; waffenplatz@donleone.ch; unternehmen@donleone.ch
La Penisola,https://lapenisola.ch,OSM,https://wa.me/0763305591,0763305591,site mentions WhatsApp,,,info@lapenisola.ch,none,info@lapenisola.ch
Turicum Automobile GmbH,https://turicum-automobile.ch,OSM,https://wa.me/0250414,0250414,site mentions WhatsApp,Inhaber Danial,Geschäftsführer,inhaber.danial@turicum-automobile.ch,website,info@cynatic.ch; info@turicum-automobile.ch; inhaber.danial@turicum-automobile.ch
Float Zürich,https://www.float-schweiz.ch,OSM,https://wa.me/0260524,0260524,site mentions WhatsApp,,,float-zuerich@mail.ch,none,float-zuerich@mail.ch
Erotik Factory,https://www.erotikfactory-zuerich.ch,OSM,https://wa.me/0211203,0211203,site mentions WhatsApp,Datenschutzerklärung Ihr,cto,info@erotikfactory.ch,website,info@erotikfactory.ch
Zürigsund Im Brühl,https://www.zuerigsund.ch,OSM,https://wa.me/01765229,01765229,site mentions WhatsApp,,,aib@ovan.ch,none,aib@ovan.ch
The Coconut,https://thecoconut.ch,OSM,https://wa.me/0180618,0180618,site mentions WhatsApp,Anonymous October,cto,anonymous.october@thecoconut.ch,website,lijo.0023@gmail.com----; anonymous.october@thecoconut.ch
Guesthouse Oerlikon,https://swiss-star.com/properties/guesthouse-zurich-oerlikon-3,OSM,https://wa.me/0312911,0312911,site mentions WhatsApp,,,info@kindofahotel.com,none,info@kindofahotel.com
Nati's Torten & Sunny Cakes Zürich,https://kreativetorten.ch,OSM,https://wa.me/01320137,01320137,site mentions WhatsApp,,,info@sunnycakes.ch,none,info@sunnycakes.ch
Hägeli Orthopädie,https://www.haegeli-orthopaedie.ch,OSM,https://wa.me/0260616,0260616,site mentions WhatsApp,,,frauenfeld@haegeli-orthopaedie.ch,none,info@haegeli-orthopaedie.ch; frauenfeld@haegeli-orthopaedie.ch; uster@haegeli-orthopaedie.ch
Tagesschule Viso Parents,https://www.visoparents.ch,OSM,https://wa.me/0260402,0260402,site mentions WhatsApp,Im Trauerfall,Partner,visoparents@visoparents.ch,website,visoparents@visoparents.ch
Apotheke Affoltern,https://www.apothekeaffoltern.ch,OSM,https://wa.me/01765229,01765229,site mentions WhatsApp,,,apothekeaffolternzh@ovan.ch,none,info@apothekeaffoltern.ch; apothekeaffolternzh@ovan.ch
Linden Uhren-Bijuterie,https://uhren-schmuck-online.ch,OSM,https://wa.me/0250812,0250812,site mentions WhatsApp,Carbon Partnerringe,Partner,carbon.partnerringe@uhren-schmuck-online.ch,website,info@uhren-schmuck-online.ch; carbon.partnerringe@uhren-schmuck-online.ch
AMW Bike,https://www.amwbike.ch,OSM,https://wa.me/0838274,0838274,site mentions WhatsApp,,,info@amwbike.ch,none,info@amwbike.ch
Sazio Osteria,https://www.sazio.ch,OSM,https://wa.me/02174924,02174924,site mentions WhatsApp,,,sazio@sazio.ch,none,sazio@sazio.ch
Kirche Lachern,https://kirchelachern.ch,OSM,https://wa.me/0447300145,0447300145,site mentions WhatsApp,Eben Ezer,Senior,eben.ezer@kirchelachern.ch,website,info@kirchelachern.ch; eben.ezer@kirchelachern.ch
Apotheke Lilie Zentrum,https://www.apolilie-zentrum.ch,OSM,https://wa.me/01765229,01765229,site mentions WhatsApp,,,info@apolilie-zentrum.ch,none,info@apolilie-zentrum.ch
Ristorante Frascati,https://molino.ch/de/ristorante-frascati,OSM,https://wa.me/0230920152300,0230920152300,site mentions WhatsApp,Expansion Consulting,Partner,expansion.consulting@molino.ch,website,info@molino.ch; expansion.consulting@molino.ch
Florentin,https://florentin.rest,OSM,https://wa.me/0795527,0795527,site mentions WhatsApp,,,info@indiantypefoundry.com,none,info@indiantypefoundry.com
Hermanseck,https://www.hermanseck.ch,OSM,https://wa.me/0260710,0260710,site mentions WhatsApp,Front Marian,Inhaber,anfragen@hermanseck.ch,website,anfragen@hermanseck.ch
Body and Face,https://www.bodyandface.ch,OSM,https://wa.me/0732552,0732552,site mentions WhatsApp,,,info@bodyandface.ch,none,info@bodyandface.ch
Tamarind Garden,https://www.tamarindgarden.ch,OSM,https://wa.me/0260425,0260425,site mentions WhatsApp,Datum Uhrzeit,partner,info@tamarindgarden.ch,website,info@tamarindgarden.ch
Lucid,https://www.zuerich.com/de/besuchen/bar-lounge/lucid-bar,OSM,https://wa.me/0241002,0241002,site mentions WhatsApp,Mitgliedschaft Jobs,Partner,info@zuerich.com,website,info@zuerich.com
New Bombay,https://newbombay-zurich.ch,OSM,https://wa.me/0260430,0260430,site mentions WhatsApp,,,20info@newbombay-zurich.ch,none,info@newbombay-zurich.ch; 20info@newbombay-zurich.ch
Fahrschule Mannhard,https://mannhard.ch,OSM,https://wa.me/01520153,01520153,site mentions WhatsApp,Marcus Tscheuschner,Geschäftsführer,marcus.tscheuschner@mannhard.ch,website,test@beispiel.com; marcus.tscheuschner@mannhard.ch
Pause im foifi,https://www.pauseimfoifi.ch,OSM,https://wa.me/0445781642,0445781642,site mentions WhatsApp,,,pause@digitecgalaxus.ch,none,pause@digitecgalaxus.ch
Kafi Seilbahn Rigiblick,https://gipfeli.ch/standorte/standortkafiseilbahnrigiblick,OSM,https://wa.me/0200729,0200729,site mentions WhatsApp,,,info@gipfeli.ch,none,info@gipfeli.ch
Molino,https://molino.ch/de/pizzeria-ristorante-molino-gasometerstrasse,OSM,https://wa.me/0230920152300,0230920152300,site mentions WhatsApp,Expansion Consulting,Partner,expansion.consulting@molino.ch,website,info@molino.ch; expansion.consulting@molino.ch
Fiechter Uhren Bijouterie,https://fiechter.ch,OSM,https://wa.me/0251025,0251025,site mentions WhatsApp,Als Premium,Partner,als.premium@fiechter.ch,website,info@fiechter.ch; als.premium@fiechter.ch
Sazio Take Away,https://www.sazio.ch,OSM,https://wa.me/02174924,02174924,site mentions WhatsApp,,,sazio@sazio.ch,none,sazio@sazio.ch
Denner,https://www.denner.ch/de,OSM,https://wa.me/0869565217,0869565217,site mentions WhatsApp,,,info@denner.ch,none,info@denner.ch
BachserMärt Paradiesli,https://www.bachsermaert.ch,OSM,https://wa.me/0191204,0191204,site mentions WhatsApp,Märt Lehre,Partner,laden@bachsermaert.ch,website,laden@bachsermaert.ch
Yardbird Southern Fried Chicken,https://www.yardbird.ch,OSM,https://wa.me/0251106,0251106,site mentions WhatsApp,Von Matt,owner,info@yardbird.ch,website,info@yardbird.ch; basel@yardbird.ch; zurich@yardbird.ch
Fressnapf,https://www.fressnapf.ch,OSM,https://wa.me/02105777,02105777,site mentions WhatsApp,Fressnapf Schweiz,Partner,kundenservice@fressnapf.ch,website,kundenservice@fressnapf.ch; kundenservice@maxizoo.ch
Virtù,https://www.ristorante-virtu.ch,OSM,https://wa.me/02174213,02174213,site mentions WhatsApp,,,mail@ristorante-virtu.ch,none,mail@ristorante-virtu.ch
Tibetaner,https://tibetaner.ch,OSM,https://wa.me/033428448,033428448,site mentions WhatsApp,,,info@tibetaner.ch,none,info@tibetaner.ch
Swiss Star Apartments,https://swiss-star.com,OSM,https://wa.me/0312911,0312911,site mentions WhatsApp,,,info@kindofahotel.com,none,info@kindofahotel.com
Rollerei,https://rollerei.ch,OSM,https://wa.me/020260215,020260215,site mentions WhatsApp,,,bestellung@rollerei.ch,none,bestellung@rollerei.ch
Helvetiaplatz,https://www.zuercher-maerkte.ch/helvetiaplatz.html,OSM,https://wa.me/0250205,0250205,site mentions WhatsApp,Bilder Box,leitung,info@codepro.ch,website,info@codepro.ch
Zebra,https://www.zebrafashion.com,OSM,https://wa.me/0190930,0190930,site mentions WhatsApp,,,service@zebrafashion.com,none,service@zebrafashion.com
Kleintierpraxis Seebach,https://www.kleintierpraxis-seebach.ch,OSM,https://wa.me/0250422,0250422,site mentions WhatsApp,Die Kleintierpraxis,Leitung,info@kleintierpraxis-seebach.ch,website,info@kleintierpraxis-seebach.ch
Tamarind Hill,https://www.tamarindhill.ch,OSM,https://wa.me/0230618,0230618,site mentions WhatsApp,Contemporary Indian,partner,info@tamarindhill.ch,website,info@tamarindhill.ch
Konrad Kaffee- & Cocktailbar (ex 0815),https://konrad.bar,OSM,https://wa.me/0230328,0230328,site mentions WhatsApp,,,info@konrad.bar,none,info@konrad.bar
Physiotherapie Kreuzplatz GmbH,https://www.physiokreuzplatz.ch,OSM,https://wa.me/01020103,01020103,site mentions WhatsApp,Die Funktionaloptometrie,Partner,info@therapiekreuzplatz.ch,website,info@therapiekreuzplatz.ch
Tekmania,https://www.tekmania.ch,OSM,https://wa.me/0445081218,0445081218,site mentions WhatsApp,,,info@tekmania.ch,none,info@tekmania.ch
Bibliothek der Museumsgesellschaft,http://www.museumsgesellschaft.ch/bibliothek,OSM,https://wa.me/0101212,0101212,site mentions WhatsApp,Bibliothekspersonal Anmeldung,leitung,bibliothek@mug.ch,website,bibliothek@mug.ch
Churrasco Steakhouse & Bar,https://churrasco.ch,OSM,https://wa.me/0260407,0260407,site mentions WhatsApp,,,info@churrasco.ch,none,info@churrasco.ch
Pizzeria Margheri,https://margheri.ch,OSM,https://wa.me/0241024,0241024,site mentions WhatsApp,,,info@margheri.ch,none,info@margheri.ch
Tramblu,https://tramblu.ch,OSM,https://wa.me/0117501821992,0117501821992,site mentions WhatsApp,,,info@tramblu.ch,none,info@tramblu.ch
Coiffeur Salon 5,https://coiffeursalon5.ch,OSM,https://wa.me/0100101,0100101,site mentions WhatsApp,Marlisa Raso,Inhaber,marlisa.raso@coiffeursalon5.ch,website,info@coiffeur-salon5.ch; marlisa.raso@coiffeursalon5.ch
Och Sport,https://www.ochsport.ch,OSM,https://wa.me/0260315,0260315,site mentions WhatsApp,,,dpo-google@google.com,none,support@fb.com; dpo-google@google.com
Chäslaube,https://www.chaeslaube-zuerich.ch,OSM,https://wa.me/0442518132,0442518132,site mentions WhatsApp,,,hallo@chaeslaube.ch,none,hallo@chaeslaube.ch
Friemel,https://www.friemel.ch,OSM,https://wa.me/01320137,01320137,site mentions WhatsApp,,,info@friemel.ch,none,info@friemel.ch; friemel@osm-hin.ch
Sport Restaurant Heerenschürli,https://www.srh12.ch,OSM,https://wa.me/06748152,06748152,site mentions WhatsApp,,,info@srh12.ch,none,info@srh12.ch
ghel,https://www.ghel.ch/salon/loewenstrasse,OSM,https://wa.me/0170725,0170725,site mentions WhatsApp,Best Instagram,Partner,info@ghel.ch,website,info@ghel.ch
Bärengasse,https://restaurant-baerengasse.ch,OSM,https://wa.me/09377497,09377497,site mentions WhatsApp,Das Re,PARTNER,das@restaurant-baerengasse.ch,website,reservation@restaurant-baerengasse.ch; das@restaurant-baerengasse.ch
Simply Soup,https://www.simplysoup.ch,OSM,https://wa.me/0349315,0349315,site mentions WhatsApp,Carlos Zuniga,co-founder,hello@simplysoup.ch,website,hello@simplysoup.ch; order@socatering.ch
Soft Car Wash Oerlikon,https://www.softcarwash.com/StandorteCH/Oerlikon,OSM,https://wa.me/0260720,0260720,site mentions WhatsApp,,,info@softcarwash.com,none,info@softcarwash.com
Zirkusquartier Zürich,https://zirkusquartier.ch,OSM,https://wa.me/0260702,0260702,site mentions WhatsApp,,,awareness@zirkusquartier.ch,none,awareness@zirkusquartier.ch; kontakt@zirkusquartier.ch
La Esquina,https://www.laesquina.ch,OSM,https://wa.me/0214046,0214046,site mentions WhatsApp,,,reservation@laesquina.ch,none,reservation@laesquina.ch
Bar OTRO,https://www.otro.bar,OSM,https://wa.me/0260721,0260721,site mentions WhatsApp,,,beispiel@mail.de,none,mail@otro.bar; beispiel@mail.de
Mis Nenes,https://misnenes.ch,OSM,https://wa.me/06986834917,06986834917,site mentions WhatsApp,,,sandra_misnenes@gmx.ch,none,info@xn--chleidertrckli-psb.ch; sandra_misnenes@gmx.ch
Marsano,https://marsano.ch,OSM,https://wa.me/04900491,04900491,site mentions WhatsApp,,,baerengasse@marsano.ch,none,info@marsano.ch; baerengasse@marsano.ch; kirchenfeld@marsano.ch; paradeplatz@marsano.ch
Aveda exclusive Salon,https://eddine.ch,OSM,https://wa.me/0240421,0240421,site mentions WhatsApp,Eddine Belaid,Gründer,eddine@eddine.ch,website,hair@eddine.ch; eddine@eddine.ch
Teddy's Souvenir-Shop,https://www.teddyssouvenirshop.ch,OSM,https://wa.me/0240509,0240509,site mentions WhatsApp,Switzerland Tours,Partner,info@teddyssouvenirshop.ch,website,info@teddyssouvenirshop.ch
SimSim,https://sim-sim.ch,OSM,https://wa.me/0260302,0260302,site mentions WhatsApp,,,info@sim-sim.ch,none,info@sim-sim.ch
Best Western Hotel Spirgarten,https://www.spirgarten.ch/de,OSM,https://wa.me/09400616,09400616,site mentions WhatsApp,Freuen Sie,owner,info@spirgarten.ch,website,info@spirgarten.ch
Swiss Star Longstreet,https://swiss-star.com/properties/swiss-star-longstreet,OSM,https://wa.me/0312911,0312911,site mentions WhatsApp,,,info@kindofahotel.com,none,info@kindofahotel.com
Piri's,https://piris-spielsachen.ch,OSM,https://wa.me/09583782495833,09583782495833,site mentions WhatsApp,Google Irene,owner,google.irene@piris-spielsachen.ch,website,info@piris-spielsachen.ch; google.irene@piris-spielsachen.ch
Armando's Pane e Vino,https://armandos.ch,OSM,https://wa.me/0606215,0606215,site mentions WhatsApp,,,aarau@armandos.ch,none,aarau@armandos.ch; baden@armandos.ch; events.loewenplatz@vergani.ch; klosters@armandos.ch; sihlcity@armandos.ch
Atelier Fejzuli,https://atelier-fejzuli.ch,OSM,https://wa.me/04900491,04900491,site mentions WhatsApp,,,kontakt@atelier-fejzuli.ch,none,kontakt@atelier-fejzuli.ch
Bischofberger Inforeisen,https://bischofberger-reisen.ch,OSM,https://wa.me/0920220,0920220,site mentions WhatsApp,Ort Sahoby,leitung,ort.sahoby@bischofberger-reisen.ch,website,info@bischofberger-reisen.ch; ort.sahoby@bischofberger-reisen.ch
Isabel Marant,https://www.isabelmarant.com,OSM,https://wa.me/0371783498170,0371783498170,site mentions WhatsApp,,,vendor@product.min.css,none,vendor@product.min.css; vendor@theme.min.css
Pill Apotheke Fröhlichstrasse,https://www.pill.ch/standorte/pill-apotheke-froehlichstrasse.html,OSM,https://wa.me/0230904,0230904,site mentions WhatsApp,Facebook Linked,Partner,froehlichstrasse@ovan.ch,website,froehlichstrasse@ovan.ch; froehlichstrasse@pill.ch
Otto's,https://www.ottos.ch,OSM,https://wa.me/01520153,01520153,site mentions WhatsApp,,,medien@ottos.ch,none,medien@ottos.ch; u002f@ottos.ch
7 Sense,https://www.7sense.ch,OSM,https://wa.me/0540358,0540358,site mentions WhatsApp,,,info@7sensehairsalon.ch,none,info@7sensehairsalon.ch
Bäckerei Café Fellenberg,https://www.quartierbeck.ch/fellenberg.php,OSM,https://wa.me/0250921,0250921,site mentions WhatsApp,,,bstellig@quartierbeck.ch,none,bstellig@quartierbeck.ch
dina moutragi,https://d-dm.ch,OSM,https://wa.me/0732552,0732552,site mentions WhatsApp,,,info@d-dm.ch,none,info@d-dm.ch
Wolford,https://www.wolfordshop.ch,OSM,https://wa.me/0457323,0457323,site mentions WhatsApp,,,support@wolford.zendesk.com,none,support@wolford.zendesk.com
Musti Grill,https://musti-grill.ch,OSM,https://wa.me/0251111,0251111,site mentions WhatsApp,Deinen Geschäfts,partner,info@musti-grill.ch,website,info@musti-grill.ch
Simplon,https://www.simplonbar.ch,OSM,https://wa.me/0397584,0397584,site mentions WhatsApp,,,info@simplonbar.ch,none,info@simplonbar.ch
Ona Poké,https://onapoke.com,OSM,https://wa.me/0201135,0201135,site mentions WhatsApp,,,bleicherweg@onapoke.com,none,jobs@onapoke.com; bleicherweg@onapoke.com; lintheschergasse@onapoke.com; sihlfeldstrasse@onapoke.com
Engel & Völkers Zürichberg,https://engelvoelkers.com/de-ch/zuerichberg,OSM,https://wa.me/0141328,0141328,site mentions WhatsApp,Anlageimmobilien Engel,Partner,anlageimmobilien@engelvoelkers.com,website,contact@engelvoelkers.com; schweiz@engelvoelkers.com; anlageimmobilien@engelvoelkers.com
Zürcher Brockenhaus,https://www.zuercher-brockenhaus.ch,OSM,https://wa.me/0260324,0260324,site mentions WhatsApp,,,info@zuercher-brockenhaus.ch,none,info@zuercher-brockenhaus.ch
AMAG,https://www.amag.ch/de/garagenuebersicht/garage-wettswil.html,OSM,https://wa.me/0260619,0260619,site mentions WhatsApp,Autoservice Skoda,partner,wettswil@amag.ch,website,wettswil@amag.ch
Tibetaner,https://www.tibetaner.ch,OSM,https://wa.me/033428448,033428448,site mentions WhatsApp,,,info@tibetaner.ch,none,info@tibetaner.ch
Tierheim Surber,https://www.tierheimsurber.ch,OSM,https://wa.me/0482565,0482565,site mentions WhatsApp,,,tierheim@tierheim-surber.ch,none,tierheim@tierheim-surber.ch
Welschland,https://www.welschland.com,OSM,https://wa.me/0260708,0260708,site mentions WhatsApp,,,welschland@oepfelchasper.ch,none,welschland@oepfelchasper.ch
"Emil Frey AG, Toyota-Lexus-Zürich",https://www.emilfrey.ch/de/schlieren,OSM,https://wa.me/0596713,0596713,site mentions WhatsApp,Christoph Frei,Geschäftsführer,info-baden@emilfrey.ch,website,info-baden@emilfrey.ch; info-balerna@emilfrey.ch; info-basel@emilfrey.ch; info-chavannes@emilfrey.ch; info-duebendorf@emilfrey.ch; info-kreuzgarage-sh@emilfrey.ch; info-morges@emilfrey.ch; info-schaffhausen@emilfrey.ch; info-winterthur@emilfrey.ch; info-zo-volketswil@emilfrey.ch; info-zo-wetzikon@emilfrey.ch; info-zuchwil@emilfrey.ch; info.chur@emilfrey.ch; info.stmoritz@emilfrey.ch; info@emilfreyclassics.ch; altendorf@emilfrey.ch; astonmartin@emilfrey.ch; autocenter@emilfrey.ch; autocenterbern@emilfrey.ch; autohaus@emilfrey.ch; autopark@emilfrey.ch; bern-west@emilfrey.ch; biel@emilfrey.ch; bmw.geneve@emilfrey.ch; centresion@emilfrey.ch; chaux-de-fonds@emilfrey.ch; crissier@emilfrey.ch; ebikon@emilfrey.ch; eigerplatz@emilfrey.ch; emilfrey@select.ch; frauenfeld@emilfrey.ch; garagedulignon@emilfrey.ch; geneve@emilfrey.ch; gfenn@emilfrey.ch; kriens@emilfrey.ch; lamone@emilfrey.ch; luzern-littau@emilfrey.ch; marly@emilfrey.ch; max.mustermann@mail.ch; move@emilfrey.ch; muenchenstein@emilfrey.ch; muensingen@emilfrey.ch; mustermann@mail.ch; noranco@emilfrey.ch; nyon@emilfrey.ch; schlieren@emilfrey.ch; seegarage@emilfrey.ch; sihlbrugg@emilfrey.ch; spreitenbach@emilfrey.ch; st-legier@emilfrey.ch; vernets@emilfrey.ch; volketswil@emilfrey.ch; waedenswil@emilfrey.ch; zuerichnord@emilfrey.ch
Drums Only,https://drumsonly.ch,OSM,https://wa.me/0829163,0829163,site mentions WhatsApp,,,info@drumsonly.ch,none,info@drumsonly.ch
Molino,https://molino.ch/de/restaurant/altstetten,OSM,https://wa.me/0230920152300,0230920152300,site mentions WhatsApp,Expansion Consulting,Partner,expansion@molino.ch,website,info@molino.ch; altstetten@molino.ch; expansion@molino.ch
MeiXin,https://meixin-tischgrill.ch,OSM,https://wa.me/0493187,0493187,site mentions WhatsApp,Langstrasse Geniessen,partner,langstrasse.geniessen@meixin-tischgrill.ch,website,info@meixin-tischgrill.ch; langstrasse.geniessen@meixin-tischgrill.ch
Deja-vu,https://www.deja-vu.ch,OSM,https://wa.me/0250604,0250604,site mentions WhatsApp,,,mail@deja-vu.ch,none,mail@deja-vu.ch
Pinocchio,https://www.pinocchio-duebendorf.ch,OSM,https://wa.me/0438191519,0438191519,site mentions WhatsApp,,,info@pinocchio-duebendorf.ch,none,info@pinocchio-duebendorf.ch
Flor,https://www.restaurant-flor.ch/angebot,OSM,https://wa.me/0614268935,0614268935,site mentions WhatsApp,,,info@restaurant-flor.ch,none,info@restaurant-flor.ch
dentique.,https://dentique.ch,OSM,https://wa.me/0260624,0260624,site mentions WhatsApp,Agnes Bokor,inhaber,agnes@dentique.ch,website,praxis@dentique.ch; agnes@dentique.ch
Vegelateria,https://vegelateria.ch,OSM,https://wa.me/0140420,0140420,site mentions WhatsApp,,,info@vegelateria.ch,none,info@vegelateria.ch
Da Angela,https://www.daangela.ch,OSM,https://wa.me/0584202,0584202,site mentions WhatsApp,Ihre Anfrage,Chef de,info@daangela.ch,website,info@daangela.ch
Peter & Bosshard,https://www.pboptik.ch,OSM,https://wa.me/075095193632,075095193632,site mentions WhatsApp,,,info@pboptik.ch,none,info@pboptik.ch
Zentrum im Giessen Bergamaschini & Lo Priore,https://www.azig.ch,OSM,https://wa.me/0448213455,0448213455,site mentions WhatsApp,First Stop,Partner,info@azig.ch,website,info@azig.ch; support@riiwards.com; carrosserie@azig.ch; werkstatt@azig.ch
Klub der Sportfreunde,https://www.klubdersportfreunde.ch,OSM,https://wa.me/077999455,077999455,site mentions WhatsApp,Ilir Halili,Inhaber,info@klubdersportfreunde.ch,website,info@klubdersportfreunde.ch; info@klubdersportfreunde.de
Chäsalp,https://www.chaesalp.ch,OSM,https://wa.me/05377080,05377080,site mentions WhatsApp,,,info@chaesalp.ch,none,info@chaesalp.ch
Zahnarztpraxis zum Roten Schloss,https://www.zumrotenschloss.ch,OSM,https://wa.me/0129646,0129646,site mentions WhatsApp,,,idija.wettstein@hin.ch,none,idija.wettstein@hin.ch; lidija.wettstein@hin.ch; praxis@zumrotenschloss.ch
Klinik Tiefenbrunnen,https://www.kliniktiefenbrunnen.ch,OSM,https://wa.me/05579417,05579417,site mentions WhatsApp,Anästhesie Hypno,Partner,info@kliniktiefenbrunnen.ch,website,info@kliniktiefenbrunnen.ch
Beerstecher AG Gemüsekultur,https://www.beerstecher.ch,OSM,https://wa.me/010001000,010001000,site mentions WhatsApp,Gemüsekultur Beerstecher,partner,info@beerstecher.ch,website,info@beerstecher.ch; personal@beerstecher.ch; verkauf@beerstecher.ch
J.B. Men's Clothing,https://mensclothing.ch,OSM,https://wa.me/0121010,0121010,site mentions WhatsApp,Geschätzte Kundschaft,Team Member,info@mensclothing.ch,website,info@mensclothing.ch
Green Papaya,https://www.greenpapaya.ch,OSM,https://wa.me/0260601,0260601,site mentions WhatsApp,,,hello@greenpapaya.ch,none,hello@greenpapaya.ch
novelec,https://novelec.ch,OSM,https://wa.me/0444827171,0444827171,site mentions WhatsApp,,,info@novelec.ch,none,info@novelec.ch
fundsachenverkauf.ch,https://fundsachenverkauf.ch,OSM,https://wa.me/0260724,0260724,site mentions WhatsApp,Auktionen Unsere,Partner,auktionen@fundsachenverkauf.ch,website,kontakt@fundsachenverkauf.ch; auktionen@fundsachenverkauf.ch
ZurichDental,https://www.zurichdental.ch,OSM,https://wa.me/0170602,0170602,site mentions WhatsApp,Am Samstag,Partner,info@zurichdental.ch,website,info@zurichdental.ch
Coffee&Deeds,https://www.coffee-deeds.ch,OSM,https://wa.me/01520153,01520153,site mentions WhatsApp,,,info@coffee-deeds.ch,none,info@coffee-deeds.ch; info@sujet.ch
MaDonna,https://www.madonnabar.ch,OSM,https://wa.me/02174924,02174924,site mentions WhatsApp,,,info@madonnabar.ch,none,info@madonnabar.ch
Hairlezz | Inklezz,https://www.hairlezz.com,OSM,https://wa.me/02432175599,02432175599,site mentions WhatsApp,,,info@hairlezz.com,none,info@hairlezz.com
Luigia,https://www.luigia.ch,OSM,https://wa.me/02010100,02010100,site mentions WhatsApp,,,bale@luigia.ch,none,info@capocaccia.com; info@luigia.ae; bale@luigia.ch; fribourg@luigia.ch; gvarivedroite@luigia.ch; gvarivegauche@luigia.ch; lausanne@luigia.ch; meyrin@luigia.ch; nyon@luigia.ch; opfikon@luigia.ch; sion@luigia.ch; zurich@luigia.ch
BeautyElements,https://www.beautyelements.ch,OSM,https://wa.me/0260730,0260730,site mentions WhatsApp,,,welcome@beautyelements.ch,none,welcome@beautyelements.ch
Coiffure Palmyra,https://www.palmyra.ch,OSM,https://wa.me/0230328,0230328,site mentions WhatsApp,,,info@palmyra.ch,none,info@palmyra.ch
Labo Spa,https://www.labospa.ch,OSM,https://wa.me/0260623,0260623,site mentions WhatsApp,Loredana Alyona,cto,info@labospa.ch,website,info@labospa.ch
Collab Zürich,https://www.collabzuerich.com,OSM,https://wa.me/05371587454912178471,05371587454912178471,site mentions WhatsApp,,,hello@collabzuerich.com,none,hello@collabzuerich.com
blau,https://dasblau.ch,OSM,https://wa.me/02174924,02174924,site mentions WhatsApp,,,hello@555thai.ch,none,hello@555thai.ch; party@555thai.ch
Russischer Kindergarten,https://matrjoschka.ch,OSM,https://wa.me/0363061333966,0363061333966,site mentions WhatsApp,,,bern@matrjoschka.ch,none,info@matrjoschka.ch; bern@matrjoschka.ch; geneva@matrjoschka.ch; tilda@1.4
Tourist Service,https://www.zuerich.com/de/besuchen/tourismus-buero,OSM,https://wa.me/0241002,0241002,site mentions WhatsApp,Mitgliedschaft Jobs,Partner,info@zuerich.com,website,info@zuerich.com
Sprüngli,https://www.spruengli.ch/de/standorte/hauptbahnhof-zuerich.html,OSM,https://wa.me/0442244646,0442244646,site mentions WhatsApp,Rohstoffe Wertschöpfungskette,Partner,contact@iage.ch,website,contact@iage.ch; johndoe@domain.ch; onlineshop@spruengli.ch
Manor,https://www.manor.ch/de/store-finder/store/ZCS,OSM,https://wa.me/07818131,07818131,site mentions WhatsApp,Angebote Rückrufe,Partner,hans.muster@muster.ch,website,hans.muster@muster.ch
Terlinden Textilpflege,https://www.terlinden.ch,OSM,https://wa.me/0260715,0260715,site mentions WhatsApp,Textilpflege Ihr,Partner,info@terlinden.ch,website,info@terlinden.ch; dpo-google@google.com; hauslieferservice@terlinden.ch
Sprüngli,https://www.spruengli.ch/de/standorte/hauptbahnhof-zuerich-halle-landesmuseum.html,OSM,https://wa.me/0442244646,0442244646,site mentions WhatsApp,Rohstoffe Wertschöpfungskette,Partner,contact@iage.ch,website,contact@iage.ch; johndoe@domain.ch; onlineshop@spruengli.ch
Sprüngli,https://www.spruengli.ch/de/standorte/hauptbahnhof-zuerich-halle-bahnhofplatz.html,OSM,https://wa.me/0442244646,0442244646,site mentions WhatsApp,Rohstoffe Wertschöpfungskette,Partner,contact@iage.ch,website,contact@iage.ch; johndoe@domain.ch; onlineshop@spruengli.ch
Hotz Elektro AG,https://hotzelektro.ch,OSM,https://wa.me/0210113,0210113,site mentions WhatsApp,Elektroinstallationen Wir,Partner,elektroinstallationen@hotzelektro.ch,website,info@hotzelektro.ch; bannholzer@hotzelektro.ch; iscen@hotzelektro.ch; rodriguez@hotzelektro.ch; elektroinstallationen@hotzelektro.ch
La Trattoria Freilager,https://restaurant-freilager.ch,OSM,https://wa.me/0478547265,0478547265,site mentions WhatsApp,,,essen@restaurant-freilager.ch,none,essen@restaurant-freilager.ch
Swiss Shop 1291,https://www.swiss-shop-1291.ch,OSM,https://wa.me/0250827,0250827,site mentions WhatsApp,Splash Gruppe,Eigentümer,contact@dolmetsch.ch,website,contact@dolmetsch.ch
8304 | Altes Feuerwehrgebäude,http://www.8304.restaurant,OSM,https://wa.me/0943556,0943556,site mentions WhatsApp,Allgemeine Geschäftsbedingungen,Partner,hello@8304.zuerich,website,hello@8304.zuerich
Chicorée,https://chicoree.ch,OSM,https://wa.me/017594192,017594192,site mentions WhatsApp,Compte Instagram,CEO,compte@chicoree.ch,website,doris.example@mail.ch; doris.exemple@mail.ch; doris.mustermann@mail.ch; public@chicoree.ch; compte@chicoree.ch
Fröhlich Info AG,https://www.froehlich.ch,OSM,https://wa.me/0260209,0260209,site mentions WhatsApp,,,info@froehlich.ch,none,info@froehlich.ch
Scooter Planet,https://scooterplanet.ch,OSM,https://wa.me/0251101,0251101,site mentions WhatsApp,,,email@scooterplanet.ch,none,email@scooterplanet.ch
Restaurant Pyramids,https://www.pyramids-restaurant.ch,OSM,https://wa.me/0240981,0240981,site mentions WhatsApp,,,info@pyramids-restaurant.ch,none,info@pyramids-restaurant.ch
I Love Nails,https://ilovenails.ch,OSM,https://wa.me/0788000940,0788000940,site mentions WhatsApp,,,hello@ilovenails.ch,none,hello@ilovenails.ch
Pao Pao,https://www.paopao-moderntea.com,OSM,https://wa.me/01520153,01520153,site mentions WhatsApp,,,tt@paopao-moderntea.com,none,tt@paopao-moderntea.com
Oh My Greek!,https://ohmygreek.ch/standorte/oerlikon,OSM,https://wa.me/0260629,0260629,site mentions WhatsApp,,,info@ohmygreek.ch,none,info@ohmygreek.ch
Kaffeewerkstadt,https://kaffeewerkstadt.ch,OSM,https://wa.me/03027153473411,03027153473411,site mentions WhatsApp,Login Was,leitung,login@kaffeewerkstadt.ch,website,beispiel@mail.de; hallo@kaffeewerkstadt.ch; login@kaffeewerkstadt.ch
Dr.med. Michela Corti,https://www.praxiscorti.ch,OSM,https://wa.me/0442612200,0442612200,site mentions WhatsApp,,,info@praxiscorti.ch,none,info@praxiscorti.ch
Cheesecake Love,https://cheesecakelove.ch,OSM,https://wa.me/0959072,0959072,site mentions WhatsApp,Cheesecakes La,cto,cheesecakes.la@cheesecakelove.ch,website,info@cheesecakelove.ch; n@cheesecakelove.ch; cheesecakes.la@cheesecakelove.ch
Moon,https://www.moonshop.ch,OSM,https://wa.me/03667408,03667408,site mentions WhatsApp,,,admin@moonshop.ch,none,admin@moonshop.ch
La Bodega de Pepe,https://www.labodega-depepe.ch,OSM,https://wa.me/02123236,02123236,site mentions WhatsApp,,,info@labodega-depepe.ch,none,info@labodega-depepe.ch
Flying Tiger,https://ch.flyingtiger.com,OSM,https://wa.me/05282144923174592196,05282144923174592196,wa.me API check,,,onlinesupport@flyingtiger.com,none,onlinesupport@flyingtiger.com; privacy@flyingtiger.com; reception@flyingtiger.com
Brezelkönig,https://brezelkoenig.ch/de,OSM,https://wa.me/067519628,067519628,wa.me API check,Brezelkönig Geschichte,partner,info@brezelkoenig.ch,website,info@brezelkoenig.ch
Le Cèdre Maurice,https://www.libanesisch.ch,OSM,https://wa.me/055345201343,055345201343,wa.me API check,,,job@libanesisch.ch,none,contact@libanesisch.ch; job@libanesisch.ch
Migrolino,https://www.migrolino.ch/de/standorte/migrolino-zurich-hb,OSM,https://wa.me/0955923,0955923,wa.me API check,,,info@migrolino.ch,none,info@migrolino.ch
Cycle Store Zurich,https://www.cyclestorezurich.com,OSM,https://wa.me/0250613,0250613,wa.me API check,Dani Bürgler,CEO,hello@cyclestorezurich.com,website,hello@cyclestorezurich.com
Migrol/Shell Service Wallisellen,https://www.migrol.ch/de,OSM,https://wa.me/0557561715,0557561715,wa.me API check,Auto Service,eigentümer,info@migrol.ch,website,info@migrol.ch; infobs@migrol.ch; infoco@migrol.ch; infols@migrol.ch; infolu@migrol.ch; infoof@migrol.ch; infosg@migrol.ch; infozh@migrol.ch; cardcenter@migrol.ch; m-charge@migrol.ch; migrol@migrol.ch
Migrol Tankstelle Seefeld,https://www.migrol.ch/de,OSM,https://wa.me/0557561715,0557561715,wa.me API check,Auto Service,eigentümer,info@migrol.ch,website,info@migrol.ch; infobs@migrol.ch; infoco@migrol.ch; infols@migrol.ch; infolu@migrol.ch; infoof@migrol.ch; infosg@migrol.ch; infozh@migrol.ch; cardcenter@migrol.ch; m-charge@migrol.ch; migrol@migrol.ch
MediaMarkt,https://www.mediamarkt.ch/de/store/zuerich-loewenstrasse-6195,OSM,https://wa.me/0848544455,0848544455,site mentions WhatsApp,Kein Markt,ceO,info@mediamarkt.ch,website,info@mediamarkt.ch; kontakt@mediamarkt.ch; kundendienst@mediamarkt.ch; max.mustermann@mediamarkt.de; u002f@mediamarkt.ch
Visilab,https://www.visilab.ch/de/optiker/visilab-oerlikon,OSM,https://wa.me/023032713,023032713,wa.me API check,Ilona Stockemer,manager,support.client@visilab.ch,website,support.client@visilab.ch; contributors@vuestorefront.io; juliane.gonzalez@visilab.ch; oerlikon@visilab.ch; visilabgroup@cpc-pr.com
Sprüngli,https://www.spruengli.ch/de/standorte/hauptbahnhof-zuerich-passage.html,OSM,https://wa.me/0442244646,0442244646,site mentions WhatsApp,Rohstoffe Wertschöpfungskette,Partner,contact@iage.ch,website,contact@iage.ch; johndoe@domain.ch; onlineshop@spruengli.ch
Sephora,https://www.manor.ch/de/sephora-collection/b/sephora/sephora,OSM,https://wa.me/0320267,0320267,site mentions WhatsApp,Angebote Rückrufe,Partner,hans.muster@muster.ch,website,hans.muster@muster.ch
Sprüngli,https://www.spruengli.ch/de/standorte/hauptbahnhof-zuerich-plaza.html,OSM,https://wa.me/0442244646,0442244646,site mentions WhatsApp,Rohstoffe Wertschöpfungskette,Partner,contact@iage.ch,website,contact@iage.ch; johndoe@domain.ch; onlineshop@spruengli.ch
Softridge,https://www.softridge.ch,OSM,https://wa.me/0414100150,0414100150,site mentions WhatsApp,,,info@ppsign.ch,none,info@ppsign.ch
Grottino 77,https://grottino77.ch,OSM,https://wa.me/02010100,02010100,site mentions WhatsApp,,,info@grottino77.ch,none,info@grottino77.ch
Nails and Beauty Place,https://www.nailsandbeautyplace.ch,OSM,https://wa.me/0445750750,0445750750,site mentions WhatsApp,Beauty Place,partner,info@nailsandbeautyplace.ch,website,info@nailsandbeautyplace.ch
Otto's Beauty Shop,https://www.ottos.ch,OSM,https://wa.me/01520153,01520153,site mentions WhatsApp,,,medien@ottos.ch,none,medien@ottos.ch; u002f@ottos.ch
Migrolino fresh,https://www.migrolino.ch/de/standorte/migrolino-zuerich-langstrasse-away,OSM,https://wa.me/0739756,0739756,wa.me API check,,,info@migrolino.ch,none,info@migrolino.ch
Hang's Banh Mi,https://hangs-banhmi.ch,OSM,https://wa.me/0260616,0260616,site mentions WhatsApp,,,banhmi@hangs.ch,none,banhmi@hangs.ch
Lux Mobile,https://www.luxmobile.ch,OSM,https://wa.me/0186667,0186667,site mentions WhatsApp,Filiale Olten,Team Member,ebikon@luxmobile.ch,website,ebikon@luxmobile.ch; emmen@luxmobile.ch; kriens@luxmobile.ch; letzipark@luxmobile.ch; olten@luxmobile.ch; sihlcity@luxmobile.ch; stans@luxmobile.ch; tivoli@luxmobile.ch; westside@luxmobile.ch; zug@luxmobile.ch
Migrolino,https://www.migrolino.ch/de/standorte/shell-zurich-hornegg,OSM,https://wa.me/0696913,0696913,wa.me API check,,,info@migrolino.ch,none,info@migrolino.ch
Migrolino,https://www.migrolino.ch/de/standorte/shell-zurich-hardau,OSM,https://wa.me/0868514,0868514,wa.me API check,,,info@migrolino.ch,none,info@migrolino.ch
Migrolino,https://www.migrolino.ch/de/standorte/migrolino-zurich-waffenplatz,OSM,https://wa.me/096113410,096113410,wa.me API check,,,info@migrolino.ch,none,info@migrolino.ch
Migrolino,https://www.migrolino.ch/de/standorte/shell-duebendorf-im-giessen,OSM,https://wa.me/06281089,06281089,wa.me API check,,,info@migrolino.ch,none,info@migrolino.ch
Binz & Kunz,https://www.binzundkunz.ch,OSM,https://wa.me/0313272,0313272,site mentions WhatsApp,,,info@beimoudi.ch,none,info@beimoudi.ch; info@binzundkunz.ch; info@leckergarten.ch; mail@moudi-bar.ch; events@moudis.ch
Migrolino,https://www.migrolino.ch/de/standorte/socar-glattbrugg,OSM,https://wa.me/0440111,0440111,wa.me API check,,,info@migrolino.ch,none,info@migrolino.ch
Migrolino,https://www.migrolino.ch/de/standorte/socar-zurich-triemli,OSM,https://wa.me/096113812,096113812,wa.me API check,,,info@migrolino.ch,none,info@migrolino.ch
Bakery Bakery,https://www.bakerybakery.ch,OSM,https://wa.me/0763658,0763658,wa.me API check,,,bakery@bakery.ch,none,bakery@bakery.ch
Migrolino,https://www.migrolino.ch/de/standorte/socar-dubendorf-buhlwiesen,OSM,https://wa.me/0431538,0431538,wa.me API check,,,info@migrolino.ch,none,info@migrolino.ch
FineNails,https://finenails.ch,OSM,https://wa.me/0241019,0241019,site mentions WhatsApp,,,glatt@finenails.ch,none,glatt@finenails.ch
Franz Carl Weber,https://www.fcw.ch,OSM,https://wa.me/010001000,010001000,site mentions WhatsApp,Dickie Toy,Team Member,info@mueller.ch,website,info@mueller.ch
Manor,https://www.manor.ch/de/store-finder/store/ZLE,OSM,https://wa.me/07818131,07818131,site mentions WhatsApp,Angebote Rückrufe,Partner,hans.muster@muster.ch,website,hans.muster@muster.ch
The Matcha Club,https://thematchaclub.com,OSM,https://wa.me/0498080,0498080,site mentions WhatsApp,,,theroebar@louise-roe.com,none,hello@thematchaclub.ch; theroebar@louise-roe.com
Menu and More,https://menuandmore.ch,OSM,https://wa.me/0288996277915,0288996277915,site mentions WhatsApp,Beschaffung Wir,Partner,beschaffung.wir@menuandmore.ch,website,info@menuandmore.ch; beschaffung.wir@menuandmore.ch
Mobile World,https://www.mobileworldzh.ch,OSM,https://wa.me/0260316,0260316,site mentions WhatsApp,Bei Reparaturen,Partner,info@mobileworldzh.ch,website,info@mobileworldzh.ch
Lush,https://lush.ch,OSM,https://wa.me/03501443,03501443,wa.me API check,,,info@lush.ch,none,info@lush.ch
Markus Rickenbach,https://www.markus-rickenbach.ch,OSM,https://wa.me/01520153,01520153,site mentions WhatsApp,Integral Coach,SENIOR,m.rickenbach@gmx.ch,website,m.rickenbach@gmx.ch; mymail@mailservice.com
YumiHana Zürich,https://yumihana.ch,OSM,https://wa.me/04661205804442834017,04661205804442834017,site mentions WhatsApp,Jobs Kontakt,Partner,jobs@yumihana.ch,website,shop@yumihana.ch; jobs@yumihana.ch
Sprüngli Café & Restaurant,https://www.spruengli.ch,OSM,https://wa.me/0442244646,0442244646,site mentions WhatsApp,Für Ihre,partner,contact@iage.ch,website,contact@iage.ch; johndoe@domain.ch; onlineshop@spruengli.ch
Optik am Stauffacher,https://optikamstauffacher.ch,OSM,https://wa.me/06788463524239,06788463524239,site mentions WhatsApp,,,info@optikamstauffacher.ch,none,info@optikamstauffacher.ch
Texsana,https://texsana.ch,OSM,https://wa.me/0211278523779,0211278523779,site mentions WhatsApp,,,info@texsana.ch,none,info@texsana.ch
Hanro,https://www.hanro.com,OSM,https://wa.me/034425675,034425675,wa.me API check,Accessibility Store,Partner,info@skiny.com,website,info@skiny.com; cs@hanro.com
Terlinden Textilpflege Wollishofen,https://www.terlinden.ch,OSM,https://wa.me/0260715,0260715,site mentions WhatsApp,Textilpflege Ihr,Partner,info@terlinden.ch,website,info@terlinden.ch; dpo-google@google.com; hauslieferservice@terlinden.ch
repairNstore Zürich,https://www.repairnstore.ch/zurich,OSM,https://wa.me/0132014,0132014,site mentions WhatsApp,App Direkt,Partner,info@repairnstore.ch,website,info@repairnstore.ch; zh@repairnstore.ch
Coiffeur Saleh,https://coiffeur-saleh.ch,OSM,https://wa.me/0250421,0250421,site mentions WhatsApp,,,info@coiffeur-saleh.ch,none,info@coiffeur-saleh.ch
dell.hd,https://www.coiffeur-lilla.ch,OSM,https://wa.me/0260604,0260604,site mentions WhatsApp,,,info@coiffeur-lilla.ch,none,info@coiffeur-lilla.ch
Walder Schuhe,https://www.walder.ch,OSM,https://wa.me/0279414,0279414,wa.me API check,Daniel Walder,Geschäftsführer,info@walder.ch,website,info@walder.ch
Body Esthetic,https://www.bodyesthetic.ch,OSM,https://wa.me/070590747,070590747,site mentions WhatsApp,,,info@bodyesthetic.ch,none,info@bodyesthetic.ch
Opera Watches,https://operawatches.ch,OSM,https://wa.me/0396774,0396774,site mentions WhatsApp,,,info@operawatches.ch,none,info@operawatches.ch
Restaurant Rigiblick,https://www.restaurantrigiblick.ch,OSM,https://wa.me/04900491,04900491,site mentions WhatsApp,,,info@restaurantrigiblick.ch,none,info@restaurantrigiblick.ch
Brunner,https://www.brunner-schreinerei.ch,OSM,https://wa.me/0260709,0260709,site mentions WhatsApp,,,stellen@brunner-schreinerei.ch,none,info@brunner-schreinerei.ch; stellen@brunner-schreinerei.ch
Boutique Vetements,https://boutique-vetements.ch,OSM,https://wa.me/01020103,01020103,site mentions WhatsApp,,,info@boutique-vetements.ch,none,info@boutique-vetements.ch
Fusalp,https://fusalp.com/ch,OSM,https://wa.me/01784531111,01784531111,site mentions WhatsApp,,,vendor@product.min.css,none,vendor@product.min.css; vendor@theme.min.css
Reader's Digest AG,https://www.readersdigest.ch,OSM,https://wa.me/05788250,05788250,wa.me API check,,,info@stagheaddesigns.com,none,info@stagheaddesigns.com; kundenkontakt@readersdigest.de
DeeCee style,https://deeceestyle.ch,OSM,https://wa.me/04661205804442834017,04661205804442834017,site mentions WhatsApp,Relevant Brands,Team Member,relevant.brands@deeceestyle.ch,website,online@deeceestyle.com; relevant.brands@deeceestyle.ch
Xania,https://xania.ch,OSM,https://wa.me/019607843,019607843,site mentions WhatsApp,Advisory Board,Partner,advisory.board@xania.ch,website,info@xania.ch; sales@xania.ch; advisory.board@xania.ch
Adler Schneiderei & Stickerei,https://adlerschneiderei.ch,OSM,https://wa.me/02312203212056,02312203212056,site mentions WhatsApp,Ersin Böyükkartal,Inhaber,info@adlerschneiderei.ch,website,info@adlerschneiderei.ch
Art of ghel,https://www.ghel.ch/salon/talstrasse,OSM,https://wa.me/0170726,0170726,site mentions WhatsApp,Best Instagram,Partner,info@artofghel.ch,website,info@artofghel.ch
Change Maker,https://www.changemaker.ch,OSM,https://wa.me/0260702,0260702,site mentions WhatsApp,,,dpo-google@google.com,none,info@changemaker.ch; dpo-google@google.com
Outdoor Escape Games,https://outdoor-escape-games.ch,OSM,https://wa.me/0260327,0260327,site mentions WhatsApp,Liberari Gmb,Partner,liberari.gmb@outdoor-escape-games.ch,website,contact@outdoorescapegames.ch; geneve@outdoorescapegames.ch; zurich@outdoorescapegames.ch; liberari.gmb@outdoor-escape-games.ch
Surfari Surf Shop,https://surfari.ch,OSM,https://wa.me/05152781971747521783,05152781971747521783,site mentions WhatsApp,Friends Blogbeiträge,Partner,friends@surfari.ch,website,shop@surfari.ch; friends@surfari.ch
Le Mezzerie de Moudi,https://www.mezzerie.ch,OSM,https://wa.me/04900491,04900491,site mentions WhatsApp,,,info@binzundkunz.ch,none,info@binzundkunz.ch; info@leckercafe.ch; info@leckergarten.ch; info@mezzerie.ch; mail@moudi-bar.ch; events@moudis.ch
Mina Beauty,https://minabeauty.ch,OSM,https://wa.me/02036704,02036704,site mentions WhatsApp,English Language,Partner,english.language@minabeauty.ch,website,info@minabeauty.ch; english.language@minabeauty.ch
Kle,https://restaurantkle.com,OSM,https://wa.me/02174924,02174924,site mentions WhatsApp,Email Submit,Partner,email.submit@restaurantkle.com,website,info@restaurantkle.com; email.submit@restaurantkle.com
Hairstylist Pierre,https://www.hairstylist-pierre.ch/de/coiffeur-zuerich-bleicherweg,OSM,https://wa.me/0251211,0251211,site mentions WhatsApp,Hairstylist Pierre,Partner,info@hairstylist-pierre.ch,website,info@hairstylist-pierre.ch; bleicherweg@hairstylist-pierre.ch
Hairstylist Pierre,https://www.hairstylist-pierre.ch/de/coiffeur-zuerich-sihlcity,OSM,https://wa.me/0251211,0251211,site mentions WhatsApp,Hairstylist Pierre,Partner,info@hairstylist-pierre.ch,website,info@hairstylist-pierre.ch; sihlcity@hairstylist-pierre.ch
Enoteca Riviera,https://enoteca-riviera.ch,OSM,https://wa.me/02882197,02882197,site mentions WhatsApp,,,job@enoteca-riviera.ch,none,info@enoteca-riviera.ch; job@enoteca-riviera.ch; pt.@falstaff.magazin
Art Computer,https://www.artcomputer.ch,OSM,https://wa.me/0123456789,0123456789,site mentions WhatsApp,Apple Premium,Partner,info@artcomputer.ch,website,info@artcomputer.ch; fribourgshop@artcomputer.ch; genevashop@artcomputer.ch; lausanneshop@artcomputer.ch; luganoshop@artcomputer.ch; martignyshop@artcomputer.ch; u003einfo@artcomputer.ch; zurichshop@artcomputer.ch
Vis-U-Lens,https://www.visulens.ch,OSM,https://wa.me/0251106,0251106,site mentions WhatsApp,,,city@visulens.ch,none,city@visulens.ch; oerlikon@visulens.ch
Beija-Flôr,https://www.beijaflor.ch,OSM,https://wa.me/07033617,07033617,site mentions WhatsApp,,,email@beijaflor.ch,none,support@webador.de; email@beijaflor.ch
Swiss Star Apartments,https://swiss-star.com/properties/apartmenthouse-zurich-aussersihl-3,OSM,https://wa.me/0312911,0312911,site mentions WhatsApp,,,info@kindofahotel.com,none,info@kindofahotel.com
E-Move Motors,https://emovemotors.ch,OSM,https://wa.me/0260721,0260721,site mentions WhatsApp,Die Vorteile,Senior,die.vorteile@emovemotors.ch,website,info@emovemotors.ch; die.vorteile@emovemotors.ch
Motel a Miio,https://motelamiio.com,OSM,https://wa.me/09852079273117131749,09852079273117131749,site mentions WhatsApp,,,n@beth.marghem,none,hello@motelamiio.com; n@beth.marghem; n@nom.nom.club; n@thara.engeroff; n@the.essential.everything
Fein's,https://www.feinsbio.ch,OSM,https://wa.me/0374230,0374230,site mentions WhatsApp,,,info@feinsbio.ch,none,info@feinsbio.ch
déjà vu secondhand,https://deja-vu.ch,OSM,https://wa.me/0250604,0250604,site mentions WhatsApp,,,mail@deja-vu.ch,none,mail@deja-vu.ch
Anouk,https://anoukfashion.com,OSM,https://wa.me/0295721070,0295721070,wa.me API check,,,myanouk@anoukfashion.com,none,myanouk@anoukfashion.com
Nile,https://www.nile.ch,OSM,https://wa.me/02998844336665917853,02998844336665917853,site mentions WhatsApp,,,dave@bradshaw.net,none,info@nile.ch; dave@bradshaw.net
Napa Grill,https://napagrill.ch,OSM,https://wa.me/0812009,0812009,site mentions WhatsApp,,,albert@napawine.ch,none,info@napagrill.ch; albert@napawine.ch; myriam@napawine.ch; ramona@napawine.ch
Kleintierpraxis Letzi AG,https://kleintierpraxis-letzi.ch,OSM,https://wa.me/0666666666667,0666666666667,site mentions WhatsApp,,,info@kleintierpraxis-letzi.ch,none,info@kleintierpraxis-letzi.ch
Susanna Burger,https://hairworksandstyle.ch,OSM,https://wa.me/0190507,0190507,site mentions WhatsApp,,,info@hairworksandstyle.ch,none,info@hairworksandstyle.ch
Babi's Bagel Shop,https://www.babisbagel.com,OSM,https://wa.me/04004052,04004052,site mentions WhatsApp,,,info@babisbagel.com,none,info@babisbagel.com
EyeLaser Zürich,https://www.eyelaser.ch,OSM,https://wa.me/01520153,01520153,site mentions WhatsApp,Victor Derhartunian,Gründer,info@eyelaser.ch,website,info@eyelaser.ch
Raum 84,https://raum-84.ch,OSM,https://wa.me/0260120,0260120,site mentions WhatsApp,Im Raum,Partner,im.raum@raum-84.ch,website,info@raum84.ch; info@urbanagency.ch; im.raum@raum-84.ch
Caliente! Festival Office,https://www.caliente.ch,OSM,https://wa.me/06611533,06611533,site mentions WhatsApp,Festival Soundsystems,Partner,info@caliente.ch,website,info@caliente.ch; abc@xyz.com
live escape game,http://www.liveescapegame.com,OSM,https://wa.me/0240701,0240701,site mentions WhatsApp,In Beg,leitung,info@liveescapegame.com,website,info@liveescapegame.com
Pretty Patty,https://www.prettypatty.ch,OSM,https://wa.me/0101110,0101110,site mentions WhatsApp,,,hello@prettypatty.ch,none,hello@prettypatty.ch
IST Höhere Fachschule für Tourismus,https://www.ist-edu.ch,OSM,https://wa.me/0251105,0251105,site mentions WhatsApp,Höhere Fachschule,Partner,lausanne@ist-edu.ch,website,lausanne@ist-edu.ch; zurich@ist-edu.ch
caffeonline.ch,https://www.caffeonline.ch,OSM,https://wa.me/0251026,0251026,site mentions WhatsApp,Newsletter Verpasse,Partner,info@caffeonline.ch,website,info@caffeonline.ch
maud,https://www.maud.ch,OSM,https://wa.me/04900491,04900491,site mentions WhatsApp,,,info@maud.ch,none,info@maud.ch
Sprüngli,https://www.spruengli.ch/de/standorte/zuerich-bahnhof-oerlikon.html,OSM,https://wa.me/0442244646,0442244646,site mentions WhatsApp,Rohstoffe Wertschöpfungskette,Partner,contact@iage.ch,website,contact@iage.ch; johndoe@domain.ch; onlineshop@spruengli.ch
La Piazza,https://www.restaurant-lapiazza.ch,OSM,https://wa.me/0260109,0260109,site mentions WhatsApp,Paolo Manduca,Geschäftsführer,info@restaurant-lapiazza.ch,website,info@restaurant-lapiazza.ch
Rathausbrücke,https://www.zuercher-maerkte.ch/zusatz.php?Lang=de&SeiteID=Maerkte&SeiteIDNr=7,OSM,https://wa.me/0787415848,0787415848,site mentions WhatsApp,Backwaren Lad,Partner,admin@gartencenter-fricktal.ch,website,admin@gartencenter-fricktal.ch; info@agrocreta.ch; info@bio-gemuese-fischer.ch; info@biogartenlieli.ch; info@bluemekari.ch; info@bluemen-mueller.ch; info@codepro.ch; info@dominofood.ch; info@fenuta.ch; info@fiechter-markt.ch; info@fruitpassion.ch; info@gmf-azari.ch; info@gu-mustafi.com; info@hans-oeco.ch; info@ideasalentina.ch; info@inter-fisch.ch; info@metzger-metzger.ch; info@moergeli-obst.ch; info@natuerlich-furrer.ch; info@pilzmarkt.ch; info@tirol.shop.ch; info@traub.bio; info@venditti.ch; info@vombluemehof.ch; info@weberbioprodukte.ch; info@zuercher-maerkte.ch; mail@susanneklemenz.ch; christian@2dler.ch; christian@chaes-bannwart.ch; ciao@pastapierino.ch; cmuehlberger@bluewin.ch; gaertnerei-ranft@freudwil.ch; geschmackswelt@bluewin.ch; gourmetsuter@bluewin.ch; h.r.wettstein@bluewin.ch; hallo@hofimparadies.ch; itajouri@gmx.ch; laptitewelsch@gmx.ch; loohof@loohof.com; markt@haabwalser.ch; mart.braendli@bluewin.ch; martin@baer-daenikon.ch; n.ziegler@bluewin.ch; natuerlichbreidenbach@mail.ch; oelundessig@oelundessig.ch; p.aeschbi@hotmail.ch; pfistergemuese@bluewin.ch; produkte@yamagishi.ch; regermann@bluewin.ch; ruedi-brugger@bluewin.ch; ruth.derrer@bluewin.ch; scuderigiovanni@me.com; si.bu@bluewin.ch; srosen@gmx.ch; st.schwenk@bluewin.ch; stroebel-finefood@bluewin.ch; tonirossetti.gmbh@hispeed.ch; u-e.mueller@bluewin.ch; ueli.ammann@bluewin.ch; wegmann.obstbau@bluewin.ch; willkommen@baecker-kaenzig.ch; wn@bio-metzg.ch
Milchbuck,https://www.zuercher-maerkte.ch/zusatz.php?Lang=de&SeiteID=Maerkte&SeiteIDNr=5,OSM,https://wa.me/0787415848,0787415848,site mentions WhatsApp,Backwaren Lad,Partner,admin@gartencenter-fricktal.ch,website,admin@gartencenter-fricktal.ch; info@agrocreta.ch; info@bio-gemuese-fischer.ch; info@biogartenlieli.ch; info@bluemekari.ch; info@bluemen-mueller.ch; info@codepro.ch; info@dominofood.ch; info@fenuta.ch; info@fiechter-markt.ch; info@fruitpassion.ch; info@gmf-azari.ch; info@gu-mustafi.com; info@hans-oeco.ch; info@ideasalentina.ch; info@inter-fisch.ch; info@metzger-metzger.ch; info@moergeli-obst.ch; info@natuerlich-furrer.ch; info@pilzmarkt.ch; info@tirol.shop.ch; info@traub.bio; info@venditti.ch; info@vombluemehof.ch; info@weberbioprodukte.ch; info@zuercher-maerkte.ch; mail@susanneklemenz.ch; christian@2dler.ch; christian@chaes-bannwart.ch; ciao@pastapierino.ch; cmuehlberger@bluewin.ch; gaertnerei-ranft@freudwil.ch; geschmackswelt@bluewin.ch; gourmetsuter@bluewin.ch; h.r.wettstein@bluewin.ch; hallo@hofimparadies.ch; itajouri@gmx.ch; laptitewelsch@gmx.ch; loohof@loohof.com; markt@haabwalser.ch; mart.braendli@bluewin.ch; martin@baer-daenikon.ch; n.ziegler@bluewin.ch; natuerlichbreidenbach@mail.ch; oelundessig@oelundessig.ch; p.aeschbi@hotmail.ch; pfistergemuese@bluewin.ch; produkte@yamagishi.ch; regermann@bluewin.ch; ruedi-brugger@bluewin.ch; ruth.derrer@bluewin.ch; scuderigiovanni@me.com; si.bu@bluewin.ch; srosen@gmx.ch; st.schwenk@bluewin.ch; stroebel-finefood@bluewin.ch; tonirossetti.gmbh@hispeed.ch; u-e.mueller@bluewin.ch; ueli.ammann@bluewin.ch; wegmann.obstbau@bluewin.ch; willkommen@baecker-kaenzig.ch; wn@bio-metzg.ch
Marktplatz Oerlikon,https://www.zuercher-maerkte.ch/Maerkte.php?Lang=de&ziel=6,OSM,https://wa.me/0250205,0250205,site mentions WhatsApp,Bilder Box,leitung,info@codepro.ch,website,info@codepro.ch; info@zuercher-maerkte.ch
Bürkliplatz,https://www.zuercher-maerkte.ch/b%C3%BCrkliplatz.html,OSM,https://wa.me/0250205,0250205,site mentions WhatsApp,Bilder Box,leitung,info@codepro.ch,website,info@codepro.ch
Altstetten Lindenplatz,https://www.zuercher-maerkte.ch/altstetten.html,OSM,https://wa.me/0250205,0250205,site mentions WhatsApp,Bilder Box,leitung,info@codepro.ch,website,info@codepro.ch
feel better than good,https://www.feelbetterthangood.ch,OSM,https://wa.me/0962708,0962708,wa.me API check,Travel To,Partner,info@feelbetterthangood.ch,website,info@feelbetterthangood.ch
Brauenbar,http://brauenbar.ch,OSM,https://wa.me/0764170700,0764170700,site mentions WhatsApp,,,info@brauenbar.ch,none,info@brauenbar.ch
Gaucho,https://gaucho.ch/restaurant,OSM,https://wa.me/04900491,04900491,site mentions WhatsApp,,,restaurant@gaucho.ch,none,restaurant@gaucho.ch
Zürich Schlotterbeck-Areal / Badenerstrasse,https://www.mobility.ch,OSM,https://wa.me/0388007846,0388007846,wa.me API check,,,office@mobility.ch,none,office@mobility.ch
F+F Schule für Kunst und Design,https://ffzh.ch,OSM,https://wa.me/0260801,0260801,site mentions WhatsApp,Impressum Bildung,Partner,impressum.bildung@ffzh.ch,website,info@ffzh.ch; impressum.bildung@ffzh.ch
Zaubernuss Stocker Sisters,https://www.zaubernuss-stockersisters.ch,OSM,https://wa.me/0844040404,0844040404,site mentions WhatsApp,,,support@hostpoint.ch,none,support@hostpoint.ch; billing@hostpoint.ch
the escape,https://zuerich.theescape.ch,OSM,https://wa.me/0260622,0260622,site mentions WhatsApp,Goldes Ein,präsident,goldes.ein@zuerich.theescape.ch,website,zuerich@theescape.ch; goldes.ein@zuerich.theescape.ch
Grotto Reale,https://grottoreale.ch,OSM,https://wa.me/0444501844,0444501844,site mentions WhatsApp,Black Tiger,Team Member,black@grottoreale.ch,website,hallo@grottoreale.ch; ihre@email.ch; black@grottoreale.ch
Obrist und Partner,https://obrist-partner.ch,OSM,https://wa.me/0171143,0171143,wa.me API check,Partner Zürich,Partner,daniel@obrist.zuerich,website,daniel@obrist.zuerich
Rast Geigenbauer,http://www.rast-violins.ch,OSM,https://wa.me/0260714,0260714,site mentions WhatsApp,,,info@rast-violins.ch,none,info@rast-violins.ch
Les délices d'orient,https://delicesdorient.ch,OSM,https://wa.me/0100101,0100101,site mentions WhatsApp,,,party@delicesdorient.ch,none,party@delicesdorient.ch
169 West,https://www.169west.ch,OSM,https://wa.me/0444610033,0444610033,site mentions WhatsApp,,,st.lawrence@169west.ch,none,st.lawrence@169west.ch
Feldenkrais Studio Andreas Kleemann,https://feldenkrais.studio,OSM,https://wa.me/0173059,0173059,site mentions WhatsApp,Beide Formate,leitung,beide.formate@feldenkrais.studio,website,mail@feldenkrais.studio; beide.formate@feldenkrais.studio
Wheely Pop,https://www.wheelypop.ch,OSM,https://wa.me/09796911043900493817,09796911043900493817,site mentions WhatsApp,Instagram You,Partner,info@wheelypop.ch,website,info@wheelypop.ch
Peek & Cloppenburg,https://www.peek-cloppenburg.ch,OSM,https://wa.me/026020213,026020213,site mentions WhatsApp,,,contact-ch@insider-services.ch,none,contact-ch@insider-services.ch; dialog@peek-cloppenburg.ch; service@fashionid.de; service@peek-cloppenburg.de
Barfussbar,https://barfussbar.ch,OSM,https://wa.me/015263106,015263106,site mentions WhatsApp,Geschlossene Gesellschaft,Team Member,geschlossene@barfussbar.ch,website,info@barfussbar.ch; event@barfussbar.ch; footer4_plugin566_info@barfussbar.ch; footer5_plugin58845_info@barfussbar.ch; geschlossene@barfussbar.ch
Krippe Krümel,https://www.kinderkrippe-kruemel.ch,OSM,https://wa.me/0260715,0260715,site mentions WhatsApp,Kinderkrippe Hanife,Geschäftsführer,info@kinderkrippe-kruemel.ch,website,info@kinderkrippe-kruemel.ch; winti@kinderkrippe-kruemel.ch
Ernst Lips AG,https://www.ernstlips.ch,OSM,https://wa.me/025121501,025121501,site mentions WhatsApp,,,info@ernstlips.ch,none,info@ernstlips.ch
Knaute Trommelbau,https://knaute.ch,OSM,https://wa.me/0721776290825,0721776290825,site mentions WhatsApp,,,info@knaute.ch,none,info@knaute.ch
Imperial Interiors,https://www.imperial-interiors.com,OSM,https://wa.me/0581760,0581760,site mentions WhatsApp,Bietet Imperial,partner,info@imperial-interiors.com,website,info@imperial-interiors.com
Petra Gut,https://petragut.com,OSM,https://wa.me/03266975,03266975,site mentions WhatsApp,,,gallery@petragut.com,none,gallery@petragut.com; u003egallery@petragut.com
messer-scharf,http://www.messer-scharf.ch,OSM,https://wa.me/0250327,0250327,site mentions WhatsApp,Souvenir Shop,Partner,info@messer-scharf.ch,website,info@messer-scharf.ch
Tonja,https://www.tonjaconcept.ch,OSM,https://wa.me/02174924,02174924,site mentions WhatsApp,First Name,partner,hello@tonjaconcept.ch,website,hello@tonjaconcept.ch; partners@tonjaconcept.ch; welcome@tonjaconcept.ch
Le Creuset,https://lecreuset.ch,OSM,https://wa.me/060606100,060606100,site mentions WhatsApp,Ihre Bestellung,partner,ihre.bestellung@lecreuset.ch,website,privacy@lecreuset.com; ihre.bestellung@lecreuset.ch
Velofabrik,https://www.velofabrik.ch,OSM,https://wa.me/0260710,0260710,site mentions WhatsApp,,,info@velofabrik.ch,none,info@velofabrik.ch
Christophe Guye Galerie,https://christopheguye.com,OSM,https://wa.me/026675008918,026675008918,site mentions WhatsApp,Be Nature,cto,be.nature@christopheguye.com,website,contact@christopheguye.com; be.nature@christopheguye.com
Parfums Christian Dior,https://www.dior.com,OSM,https://wa.me/0730600,0730600,site mentions WhatsApp,,,contactdior@dior.com,none,contactdior@dior.com; christian@dior.com
Augenpraxis beim Schauspielhaus,https://www.augenpraxis-schauspielhaus.ch,OSM,https://wa.me/0694874727,0694874727,site mentions WhatsApp,Biometrien Gesichtsfelduntersuchungen,cto,augenpraxis-schauspielhaus@hin.ch,website,augenpraxis-schauspielhaus@hin.ch
Der Hofladen im Seefeld,https://www.hofladen-seefeld.ch,OSM,https://wa.me/0707284,0707284,wa.me API check,,,info@hofladen-seefeld.ch,none,info@hofladen-seefeld.ch
A Propos,https://www.apropos-style.ch,OSM,https://wa.me/0633104079,0633104079,site mentions WhatsApp,,,apropos-gpc@swissonline.ch,none,apropos-gpc@swissonline.ch
Malheur A Toi,https://tsoungui.com,OSM,https://wa.me/0844040404,0844040404,site mentions WhatsApp,,,support@hostpoint.ch,none,support@hostpoint.ch; billing@hostpoint.ch
Helsinki,https://www.helsinkiklub.ch,OSM,https://wa.me/0260526,0260526,site mentions WhatsApp,,,ahoi@helsinkiklub.ch,none,ahoi@helsinkiklub.ch; bruecke@helsinkiklub.ch
Di Lenardo & Co. Zürich,https://www.cultweine.ch,OSM,https://wa.me/01000100,01000100,site mentions WhatsApp,,,info@cultweine.ch,none,info@cultweine.ch
Thermomix Showküche,https://switzerland.thermomix.com/ueber-uns/#,OSM,https://wa.me/0260728,0260728,site mentions WhatsApp,,,barbara.fantini@vorwerk-schweiz.ch,none,barbara.fantini@vorwerk-schweiz.ch; corinne.burgwinkel@vorwerk-schweiz.ch; corinne.walker@vorwerk-schweiz.ch; emmanuelle.machado@vorwerk-schweiz.ch; guelsah.hos@vorwerk-schweiz.ch; loredana.marasciulo@vorwerk-schweiz.ch; lucia.seeholzer@vorwerk-schweiz.ch; nadia.metroz@vorwerk-schweiz.ch; nicolas.goudet@vorwerk-schweiz.ch; shane.weyermann@vorwerk-schweiz.ch; sofia.vilaca@vorwerk-schweiz.ch; veronika.ganz@vorwerk-schweiz.ch
TCM Glatt,https://www.tcmglatt.ch,OSM,https://wa.me/0629288107,0629288107,wa.me API check,,,info@tcmglatt.ch,none,info@tcmglatt.ch
Lucia,https://www.redl.ch,OSM,https://wa.me/06437381,06437381,site mentions WhatsApp,,,post@redl.ch,none,post@redl.ch
Granò,https://www.gra-no.ch,OSM,https://wa.me/09999999999,09999999999,site mentions WhatsApp,Mozzoralla Option,GRÜNDER,info@gra-no.ch,website,info@gra-no.ch; info@gra-no.chplease
S.P.E. Nails,https://www.spe-nails.ch,OSM,https://wa.me/0763201151,0763201151,site mentions WhatsApp,Besuchen Sie,Partner,info@spe-nails.ch,website,info@spe-nails.ch; info@zumschwarzenkamm.ch
the tanning station,https://www.thetanningstation.ch,OSM,https://wa.me/0250702,0250702,site mentions WhatsApp,Finanzierung Unsere,Partner,info@thelaserstation.ch,website,info@thelaserstation.ch; info@thetanningstation.ch
LAMIR International GmbH,https://www.masarwy.ch,OSM,https://wa.me/0260718,0260718,site mentions WhatsApp,Follow Us,Partner,info@masarwy.ch,website,info@masarwy.ch
Olive,https://oliveladencafe.ch,OSM,https://wa.me/0260115,0260115,site mentions WhatsApp,Eine Nachricht,Team Member,eine.nachricht@oliveladencafe.ch,website,email@yourmail.com; eine.nachricht@oliveladencafe.ch
Tara Style,https://www.tarastyle.ch,OSM,https://wa.me/04937525759517399734,04937525759517399734,site mentions WhatsApp,Charm Colle,cto,hello@tarastyle.ch,website,hello@tarastyle.ch
Velo Schmiede,https://www.veloschmiede.com,OSM,https://wa.me/054936319,054936319,site mentions WhatsApp,Mikael Funktion,Inhaber,info@veloschmiede.com,website,info@veloschmiede.com
Hebedea,https://www.hebedea.ch,OSM,https://wa.me/0328997,0328997,site mentions WhatsApp,,,beauty@hebedea.ch,none,beauty@hebedea.ch
Headsquarter Coworking,https://www.headsquarter.com,OSM,https://wa.me/0185443,0185443,wa.me API check,Jensen Founder,CEO,events@headsquarter.com,website,events@headsquarter.com; sales@headsquarter.com
Glowing Secrets,https://glowingsecrets.ch,OSM,https://wa.me/0260721,0260721,site mentions WhatsApp,,,info@glowingsecrets.ch,none,info@glowingsecrets.ch
Hull's School,https://www.hullschool.ch/de,OSM,https://wa.me/0260507,0260507,site mentions WhatsApp,Methodik Schulleitung,präsident,college@hullschool.ch,website,college@hullschool.ch; exams@hullschool.ch
Amboss Rampe,https://ambossrampe.ch/restaurant,OSM,https://wa.me/0260504,0260504,site mentions WhatsApp,,,mail@ambossrampe.ch,none,mail@ambossrampe.ch
velomaerkte.ch,https://velomaerkte.ch,OSM,https://wa.me/01353560215638,01353560215638,site mentions WhatsApp,Corratec Corones,CTO,corratec.corones@velomaerkte.ch,website,bs@velomaerkte.ch; zg@velomaerkte.ch; zh@velomaerkte.ch; corratec.corones@velomaerkte.ch
Sonect,http://www.sonect.net,OSM,https://wa.me/0260731,0260731,site mentions WhatsApp,App Sonect,Partner,info@sonect.net,website,info@sonect.net
Simple Steakhouse & Tapas Bar,https://www.simple-steakhouse.ch,OSM,https://wa.me/0242621,0242621,wa.me API check,,,info@simplesteakhouse.ch,none,info@simplesteakhouse.ch
Pflanzerei Kornhaus,https://www.pflanzerei-zuerich.ch,OSM,https://wa.me/04900491,04900491,site mentions WhatsApp,,,team@pflanzerei-zuerich.ch,none,team@pflanzerei-zuerich.ch
Senses by Nail & Beauty Place,https://sensesbynbp.ch,OSM,https://wa.me/0260625,0260625,site mentions WhatsApp,,,info@sensesbynbp.ch,none,info@sensesbynbp.ch; info@sensesnails.ch
Queen of Beauty,https://www.queen-of-beauty.ch,OSM,https://wa.me/0260618,0260618,site mentions WhatsApp,Tiara Mara,Team Member,info@website.com,website,info@website.com
Gawgani,https://www.gawgani.ch,OSM,https://wa.me/0443424565,0443424565,site mentions WhatsApp,,,hello@gawgani.ch,none,hello@gawgani.ch
House of Liquid,https://www.liquid-hairsalon.ch,OSM,https://wa.me/054936319,054936319,site mentions WhatsApp,,,info@liquid-hairsalon.ch,none,info@liquid-hairsalon.ch
Zytlos,https://www.zyt-los.com,OSM,https://wa.me/010001000,010001000,site mentions WhatsApp,Kontakt Institutions,leitung,mail@beispiel.ch,website,mail@beispiel.ch; saghallo@zyt-los.com
Immoall,https://immoall.ch,OSM,https://wa.me/0260215,0260215,site mentions WhatsApp,All Sind,Eigentümer,all.sind@immoall.ch,website,info@immoall.com; all.sind@immoall.ch
KiddieLand,https://www.kiddieland.ch,OSM,https://wa.me/0260527,0260527,site mentions WhatsApp,Management Team,Director,hello@kiddieland.ch,website,hello@kiddieland.ch
Bike Revier,https://bikerevier.ch,OSM,https://wa.me/02010100,02010100,site mentions WhatsApp,Impressum Datenschutzerklärung,Partner,info@bikerevier.ch,website,info@bikerevier.ch
Sie & Er Erotic-Land,https://www.erotikland.ch,OSM,https://wa.me/08011273009,08011273009,site mentions WhatsApp,American Express,Partner,info@andaro-vertrieb.ch,website,info@andaro-vertrieb.ch
Hostel Swiss Residence Club,https://www.hostelswiss.ch,OSM,https://wa.me/010001000,010001000,site mentions WhatsApp,,,info@hostelswiss.ch,none,info@hostelswiss.ch
Dark Drop,https://darkdrop.ch,OSM,https://wa.me/0728151,0728151,site mentions WhatsApp,,,info@darkdrop.ch,none,info@darkdrop.ch
Gaijin Izakaya,https://gaijin-izakaya.ch,OSM,https://wa.me/0444822200,0444822200,site mentions WhatsApp,,,info@gaijin-izakaya.ch,none,info@gaijin-izakaya.ch
Andulino,https://andulino.ch,OSM,https://wa.me/03167487,03167487,site mentions WhatsApp,,,info@andulino.ch,none,info@andulino.ch
Hunkemöller,https://www.hunkemoller.ch/de/filiale/zuerich/baslerstrasse-50,OSM,https://wa.me/0734233,0734233,site mentions WhatsApp,Entdecken Waschan,leitung,kundenservice_ch@hunkemoller.com,website,kundenservice_ch@hunkemoller.com
Zügel Zentrum,https://zuegelzentrum.ch,OSM,https://wa.me/0705882353,0705882353,site mentions WhatsApp,Belgien Ihr,partner,belgien.ihr@zuegelzentrum.ch,website,info@zuegelzentrum.ch; belgien.ihr@zuegelzentrum.ch
Morena Isabel,https://www.morenaisabel.ch,OSM,https://wa.me/03251828285,03251828285,site mentions WhatsApp,,,info@morenaisabel.ch,none,info@morenaisabel.ch
Design Galerie,https://0909.moda,OSM,https://wa.me/0230328,0230328,site mentions WhatsApp,,,info@0909.moda,none,info@0909.moda
Vögele Reisen,https://www.voegele-reisen.ch,OSM,https://wa.me/0260717,0260717,site mentions WhatsApp,Ihre Reise,PARTNER,info@voegele-reisen.ch,website,info@voegele-reisen.ch; service@viamonda.com
ghel,https://www.ghel.ch/salon/muenstergasse,OSM,https://wa.me/0170726,0170726,site mentions WhatsApp,Best Instagram,Partner,info@ghel.ch,website,info@ghel.ch
Melody,https://www.redl.ch,OSM,https://wa.me/06437381,06437381,site mentions WhatsApp,,,post@redl.ch,none,post@redl.ch
HNO Wiedikon,https://hno-wiedikon.ch,OSM,https://wa.me/0260412,0260412,site mentions WhatsApp,Your Ear-Nose,cto,your.ear-nose@hno-wiedikon.ch,website,info@hno-wiedikon.ch; hno-wiedikon@hin.ch; your.ear-nose@hno-wiedikon.ch
Ayaz,http://www.ayazcoiffeur.ch,OSM,https://wa.me/0200513,0200513,site mentions WhatsApp,Ayaz Coiffeur,Team Member,info@ayazcoiffeur.ch,website,info@ayazcoiffeur.ch
Schaefer AG,https://schaefer-ag.ch,OSM,https://wa.me/01520153,01520153,site mentions WhatsApp,Die Zusammenarbeit,ceo,die.zusammenarbeit@schaefer-ag.ch,website,mail@schaefer-ag.ch; die.zusammenarbeit@schaefer-ag.ch
district 5 sneakerstore,https://www.district5.ch,OSM,https://wa.me/080808035,080808035,site mentions WhatsApp,,,district5@bluewin.ch,none,district5@bluewin.ch
Lost & Found,https://lostandfound-accessoires.ch,OSM,https://wa.me/0187851,0187851,site mentions WhatsApp,Stockists Become,partner,stockists.become@lostandfound-accessoires.ch,website,hello@lostandfound-accessoires.com; stockists.become@lostandfound-accessoires.ch
Perfect Look,https://www.perfectlook.ch,OSM,https://wa.me/04900491,04900491,site mentions WhatsApp,Bachblüten Therapie,Team Member,corinne@perfectlook.ch,website,corinne@perfectlook.ch
La Belle,https://www.la-belle.swiss,OSM,https://wa.me/0721647,0721647,site mentions WhatsApp,,,contact@celina.com,none,contact@celina.com; contact@cellina.com; info@la-belle.swiss
Gourmori,https://gourmori.ch,OSM,https://wa.me/09814581152773634616,09814581152773634616,site mentions WhatsApp,,,email@beispiel.com,none,email@beispiel.com; lara@gourmori.ch
Karun,https://restaurant-karun.ch,OSM,https://wa.me/0201912,0201912,site mentions WhatsApp,,,hello@chef-website.com,none,hello@chef-website.com; info@restaurant-karun.ch
Paradise Nails,https://www.paradise-nails.ch,OSM,https://wa.me/04900491,04900491,site mentions WhatsApp,Rosangela Etterlin,Inhaber,info@paradise-nails.ch,website,info@paradise-nails.ch
NA081,https://na081.ch/glattbrugg,OSM,https://wa.me/0260521,0260521,site mentions WhatsApp,,,glattbrugg@na081.ch,none,glattbrugg@na081.ch
Hey Henry,https://heyhenry.ch,OSM,https://wa.me/0240611,0240611,site mentions WhatsApp,Hey Henry,Partner,hey.henry@heyhenry.ch,website,info@heyhenry.ch; hey.henry@heyhenry.ch
Chiffon,https://www.restaurant-chiffon.ch,OSM,https://wa.me/05068570,05068570,site mentions WhatsApp,,,kontakt@restaurant-chiffon.ch,none,kontakt@restaurant-chiffon.ch
pompon,https://pom-pon.ch,OSM,https://wa.me/0260711,0260711,site mentions WhatsApp,,,dpo-google@google.com,none,info@pom-pon.ch; dpo-google@google.com; dpo@wordpress.org
Daniel Feist - Uhren & Schmuck,https://feist.ch,OSM,https://wa.me/024040396,024040396,site mentions WhatsApp,,,info@feist.ch,none,info@feist.ch
Happy Sport,https://happysport.net,OSM,https://wa.me/0260606,0260606,site mentions WhatsApp,,,hello@pimpup.net,none,hello@pimpup.net; info@happysport.net
Praxis am Zeltweg,https://praxisamzeltweg.ch,OSM,https://wa.me/0691496,0691496,site mentions WhatsApp,Christian Niehus,Leitung,christian@praxisamzeltweg.ch,website,kontakt@praxisamzeltweg.ch; christian@praxisamzeltweg.ch
Changemaker,https://www.changemaker.ch,OSM,https://wa.me/0260702,0260702,site mentions WhatsApp,,,dpo-google@google.com,none,info@changemaker.ch; dpo-google@google.com
Wanna Wellness,https://www.wanna-wellness.ch,OSM,https://wa.me/01320137,01320137,site mentions WhatsApp,Sie Ihren,Partner,info@wanna-wellness.ch,website,info@wanna-wellness.ch
Academicus,https://www.academicus.co,OSM,https://wa.me/01520153,01520153,site mentions WhatsApp,Chloe Our,Partner,atelier@academicus.co,website,atelier@academicus.co
Laufradbau,https://laufradbau.ch,OSM,https://wa.me/012030110,012030110,site mentions WhatsApp,,,ralf.jelinek@laufradbau.ch,none,ralf.jelinek@laufradbau.ch
VOX-Sprachschule,https://vox-sprachschule.ch,OSM,https://wa.me/0161329,0161329,site mentions WhatsApp,Exams Contact,Partner,exams@vox-sprachschule.ch,website,admin@vox-sprachschule.ch; info@vox-sprachschule.ch; support.ch@crif.com; evaldas@vox-sprachschule.ch; igor@vox-sprachschule.ch; exams@vox-sprachschule.ch
Max und Paula,https://maxundpaula.ch,OSM,https://wa.me/0260721,0260721,site mentions WhatsApp,,,office-bb@enfold-shop.com,none,office-bb@enfold-shop.com; office-flagship@enfold-shop.com; office-rb@enfold-shop.com; office-smb@enfold-shop.com; office-wpb@enfold-shop.com
Thai Style,https://www.thaistylerestaurant.ch,OSM,https://wa.me/07033617,07033617,site mentions WhatsApp,,,support@webador.de,none,support@webador.de
Markant,https://www.markant.ch,OSM,https://wa.me/410438115777,+410438115777,site mentions WhatsApp,,,mk@markant.ch,none,mk@markant.ch
Brauerei Oerlikon,https://www.brauerei-oerlikon.ch,OSM,https://wa.me/02174924,02174924,site mentions WhatsApp,Events Team,Partner,kontakt@brauerei-oerlikon.ch,website,kontakt@brauerei-oerlikon.ch
Fotostudio Thomas Hinder,https://www.thomashinder.ch,OSM,https://wa.me/06463364537,06463364537,site mentions WhatsApp,,,email@thomashinder.ch,none,email@thomashinder.ch
Basimilch,https://basimil.ch,OSM,https://wa.me/0260215,0260215,site mentions WhatsApp,,,info@basimil.ch,none,info@basimil.ch
M2 Hairstylist,https://m2-h.ch,OSM,https://wa.me/069137911024,069137911024,site mentions WhatsApp,Summer Holiday,cto,summer.holiday@m2-h.ch,website,info@m2-h.ch; summer.holiday@m2-h.ch
Orthotop Orthopädietechnik,https://www.orthotop.ch,OSM,https://wa.me/048207121,048207121,site mentions WhatsApp,,,info@orthotop.ch,none,info@orthotop.ch
Frauen-Permanence Zürich,https://www.frauenpermanence.ch,OSM,https://wa.me/0260709,0260709,site mentions WhatsApp,Organisation Ein,Leitung,praxis@frauenpermanence.ch,website,praxis@frauenpermanence.ch
Gianina Cycling,https://www.gianinacycling.ch,OSM,https://wa.me/0260723,0260723,site mentions WhatsApp,Shimano Schuhe,Team Member,info@gianinacycling.ch,website,info@gianinacycling.ch; dpo-google@google.com
fenix Consulting GmbH,https://fenix-zh.ch,OSM,https://wa.me/026062819,026062819,site mentions WhatsApp,Ihre Versicherungen,Partner,ihre.versicherungen@fenix-zh.ch,website,info@fenix-zh.ch; ihre.versicherungen@fenix-zh.ch
Ombak Coffee,http://omniacoffee.ch,OSM,https://wa.me/0722072,0722072,site mentions WhatsApp,,,info@ombakcoffee.ch,none,info@ombakcoffee.ch; info@omniacoffee.ch
Fischerstube Zürihorn,https://www.fischerstube-zuerich.ch,OSM,https://wa.me/01547609,01547609,site mentions WhatsApp,,,fischerstube@commercio.ch,none,fischerstube@commercio.ch
leosor GmbH Treuhand & Beratung,https://www.leosor.net,OSM,https://wa.me/0260506,0260506,site mentions WhatsApp,Ihr Ansprech,partner,team@leosor.ch,website,team@leosor.ch; team@leosor.net
Praxis Gruppe Dübendorf,https://www.praxis-gruppe.ch/praxen/praxis-gruppe-duebendorf,OSM,https://wa.me/0260710,0260710,site mentions WhatsApp,Jobs Kontakt,Partner,duebendorf@praxis-gruppe.ch,website,duebendorf@praxis-gruppe.ch
Plattenladen,https://plattenladen.ch,OSM,https://wa.me/0250828,0250828,site mentions WhatsApp,Blog Kontakt,Partner,blog.kontakt@plattenladen.ch,website,info@plattenladen.ch; blog.kontakt@plattenladen.ch
Fairy Skin,https://www.fairy-skin.ch,OSM,https://wa.me/02174924,02174924,site mentions WhatsApp,Mehr Komfort,ceo,info@fairy-skin.ch,website,info@fairy-skin.ch
Lux,https://www.lux-zurich.ch,OSM,https://wa.me/0114441,0114441,site mentions WhatsApp,,,hello@lux-zurich.ch,none,hello@lux-zurich.ch
Ineichen Auctioneers,https://ineichen.com,OSM,https://wa.me/081065024720,081065024720,site mentions WhatsApp,Blog For,Partner,blog.for@ineichen.com,website,info@ineichen.com; ui@5.0; blog.for@ineichen.com
